timestamp,participant,flow,price,event,label,vendor
2026-02-01T0000,P00,0.1753,100.4994,0,1,vendor_A
2026-02-01T0000,P01,0.3921,100.4994,0,1,vendor_A
2026-02-01T0000,P02,-0.3771,100.4994,0,1,vendor_A
2026-02-01T0000,P03,1.0292,100.4994,0,1,vendor_A
2026-02-01T0000,P04,0.2104,100.4994,0,0,vendor_A
2026-02-01T0000,P05,-1.2134,100.4994,0,0,vendor_B
2026-02-01T0000,P06,-0.9308,100.4994,0,0,vendor_B
2026-02-01T0000,P07,0.8055,100.4994,0,0,vendor_B
2026-02-01T0000,P08,0.4638,100.4994,0,0,vendor_B
2026-02-01T0000,P09,-1.8991,100.4994,0,0,
2026-02-01T0000,P10,1.3477,100.4994,0,0,
2026-02-01T0000,P11,0.5980,100.4994,0,0,
2026-02-01T0001,P00,1.3433,100.6547,0,1,vendor_A
2026-02-01T0001,P01,-0.3837,100.6547,0,1,vendor_A
2026-02-01T0001,P02,-0.2957,100.6547,0,1,vendor_A
2026-02-01T0001,P03,-1.1265,100.6547,0,1,vendor_A
2026-02-01T0001,P04,2.5369,100.6547,0,0,vendor_A
2026-02-01T0001,P05,-0.1755,100.6547,0,0,vendor_B
2026-02-01T0001,P06,1.5875,100.6547,0,0,vendor_B
2026-02-01T0001,P07,-0.6473,100.6547,0,0,vendor_B
2026-02-01T0001,P08,0.1638,100.6547,0,0,vendor_B
2026-02-01T0001,P09,-1.6714,100.6547,0,0,
2026-02-01T0001,P10,-0.3829,100.6547,0,0,
2026-02-01T0001,P11,0.9838,100.6547,0,0,
2026-02-01T0002,P00,-1.2517,100.7569,0,1,vendor_A
2026-02-01T0002,P01,1.0722,100.7569,0,1,vendor_A
2026-02-01T0002,P02,0.3372,100.7569,0,1,vendor_A
2026-02-01T0002,P03,-1.0440,100.7569,0,1,vendor_A
2026-02-01T0002,P04,-0.5016,100.7569,0,0,vendor_A
2026-02-01T0002,P05,-0.4591,100.7569,0,0,vendor_B
2026-02-01T0002,P06,-0.0495,100.7569,0,0,vendor_B
2026-02-01T0002,P07,-0.5361,100.7569,0,0,vendor_B
2026-02-01T0002,P08,-0.8273,100.7569,0,0,vendor_B
2026-02-01T0002,P09,-0.3046,100.7569,0,0,
2026-02-01T0002,P10,-1.0269,100.7569,0,0,
2026-02-01T0002,P11,-1.2895,100.7569,0,0,
2026-02-01T0003,P00,-0.0482,101.1583,0,1,vendor_A
2026-02-01T0003,P01,0.8829,101.1583,0,1,vendor_A
2026-02-01T0003,P02,-1.5294,101.1583,0,1,vendor_A
2026-02-01T0003,P03,0.0035,101.1583,0,1,vendor_A
2026-02-01T0003,P04,-0.6500,101.1583,0,0,vendor_A
2026-02-01T0003,P05,-0.9771,101.1583,0,0,vendor_B
2026-02-01T0003,P06,0.8534,101.1583,0,0,vendor_B
2026-02-01T0003,P07,-0.5182,101.1583,0,0,vendor_B
2026-02-01T0003,P08,1.4983,101.1583,0,0,vendor_B
2026-02-01T0003,P09,-0.7798,101.1583,0,0,
2026-02-01T0003,P10,0.3865,101.1583,0,0,
2026-02-01T0003,P11,-0.2273,101.1583,0,0,
2026-02-01T0004,P00,-0.7540,101.0043,0,1,vendor_A
2026-02-01T0004,P01,0.5877,101.0043,0,1,vendor_A
2026-02-01T0004,P02,-0.1550,101.0043,0,1,vendor_A
2026-02-01T0004,P03,0.6032,101.0043,0,1,vendor_A
2026-02-01T0004,P04,-0.0473,101.0043,0,0,vendor_A
2026-02-01T0004,P05,-1.0858,101.0043,0,0,vendor_B
2026-02-01T0004,P06,-0.1021,101.0043,0,0,vendor_B
2026-02-01T0004,P07,0.0520,101.0043,0,0,vendor_B
2026-02-01T0004,P08,0.9585,101.0043,0,0,vendor_B
2026-02-01T0004,P09,-0.9063,101.0043,0,0,
2026-02-01T0004,P10,-0.0393,101.0043,0,0,
2026-02-01T0004,P11,-1.7219,101.0043,0,0,
2026-02-01T0005,P00,0.6515,100.5717,0,1,vendor_A
2026-02-01T0005,P01,-1.0815,100.5717,0,1,vendor_A
2026-02-01T0005,P02,-1.8064,100.5717,0,1,vendor_A
2026-02-01T0005,P03,-0.0592,100.5717,0,1,vendor_A
2026-02-01T0005,P04,1.1057,100.5717,0,0,vendor_A
2026-02-01T0005,P05,-1.5244,100.5717,0,0,vendor_B
2026-02-01T0005,P06,-1.0880,100.5717,0,0,vendor_B
2026-02-01T0005,P07,-0.7433,100.5717,0,0,vendor_B
2026-02-01T0005,P08,-1.1295,100.5717,0,0,vendor_B
2026-02-01T0005,P09,0.3794,100.5717,0,0,
2026-02-01T0005,P10,-0.8074,100.5717,0,0,
2026-02-01T0005,P11,-0.7215,100.5717,0,0,
2026-02-01T0006,P00,0.5833,100.6827,0,1,vendor_A
2026-02-01T0006,P01,-0.7555,100.6827,0,1,vendor_A
2026-02-01T0006,P02,0.4328,100.6827,0,1,vendor_A
2026-02-01T0006,P03,-0.9714,100.6827,0,1,vendor_A
2026-02-01T0006,P04,-1.2121,100.6827,0,0,vendor_A
2026-02-01T0006,P05,-1.8354,100.6827,0,0,vendor_B
2026-02-01T0006,P06,1.8612,100.6827,0,0,vendor_B
2026-02-01T0006,P07,-0.3203,100.6827,0,0,vendor_B
2026-02-01T0006,P08,0.2439,100.6827,0,0,vendor_B
2026-02-01T0006,P09,-0.0310,100.6827,0,0,
2026-02-01T0006,P10,0.1600,100.6827,0,0,
2026-02-01T0006,P11,0.0497,100.6827,0,0,
2026-02-01T0007,P00,1.9082,100.2177,0,1,vendor_A
2026-02-01T0007,P01,-1.0389,100.2177,0,1,vendor_A
2026-02-01T0007,P02,-1.5575,100.2177,0,1,vendor_A
2026-02-01T0007,P03,-1.0120,100.2177,0,1,vendor_A
2026-02-01T0007,P04,-1.3347,100.2177,0,0,vendor_A
2026-02-01T0007,P05,0.7470,100.2177,0,0,vendor_B
2026-02-01T0007,P06,0.8204,100.2177,0,0,vendor_B
2026-02-01T0007,P07,-0.9613,100.2177,0,0,vendor_B
2026-02-01T0007,P08,-1.3904,100.2177,0,0,vendor_B
2026-02-01T0007,P09,-0.3548,100.2177,0,0,
2026-02-01T0007,P10,1.3911,100.2177,0,0,
2026-02-01T0007,P11,-2.8196,100.2177,0,0,
2026-02-01T0008,P00,0.5266,100.2801,0,1,vendor_A
2026-02-01T0008,P01,-1.0758,100.2801,0,1,vendor_A
2026-02-01T0008,P02,1.0404,100.2801,0,1,vendor_A
2026-02-01T0008,P03,-1.0779,100.2801,0,1,vendor_A
2026-02-01T0008,P04,-0.2854,100.2801,0,0,vendor_A
2026-02-01T0008,P05,-1.5063,100.2801,0,0,vendor_B
2026-02-01T0008,P06,-0.9773,100.2801,0,0,vendor_B
2026-02-01T0008,P07,1.3858,100.2801,0,0,vendor_B
2026-02-01T0008,P08,0.8206,100.2801,0,0,vendor_B
2026-02-01T0008,P09,-0.4017,100.2801,0,0,
2026-02-01T0008,P10,-0.8702,100.2801,0,0,
2026-02-01T0008,P11,-1.8938,100.2801,0,0,
2026-02-01T0009,P00,-0.3937,100.9337,0,1,vendor_A
2026-02-01T0009,P01,-0.0309,100.9337,0,1,vendor_A
2026-02-01T0009,P02,-0.0841,100.9337,0,1,vendor_A
2026-02-01T0009,P03,-0.0938,100.9337,0,1,vendor_A
2026-02-01T0009,P04,-1.1218,100.9337,0,0,vendor_A
2026-02-01T0009,P05,-0.0663,100.9337,0,0,vendor_B
2026-02-01T0009,P06,-0.0387,100.9337,0,0,vendor_B
2026-02-01T0009,P07,1.2906,100.9337,0,0,vendor_B
2026-02-01T0009,P08,1.8667,100.9337,0,0,vendor_B
2026-02-01T0009,P09,-0.1370,100.9337,0,0,
2026-02-01T0009,P10,-0.7663,100.9337,0,0,
2026-02-01T0009,P11,-0.0650,100.9337,0,0,
2026-02-01T0010,P00,-0.6076,101.2781,0,1,vendor_A
2026-02-01T0010,P01,-0.7424,101.2781,0,1,vendor_A
2026-02-01T0010,P02,-0.0587,101.2781,0,1,vendor_A
2026-02-01T0010,P03,-1.0433,101.2781,0,1,vendor_A
2026-02-01T0010,P04,0.6061,101.2781,0,0,vendor_A
2026-02-01T0010,P05,-0.1039,101.2781,0,0,vendor_B
2026-02-01T0010,P06,0.2500,101.2781,0,0,vendor_B
2026-02-01T0010,P07,-0.1829,101.2781,0,0,vendor_B
2026-02-01T0010,P08,-0.7273,101.2781,0,0,vendor_B
2026-02-01T0010,P09,-0.9480,101.2781,0,0,
2026-02-01T0010,P10,-0.2373,101.2781,0,0,
2026-02-01T0010,P11,-0.5488,101.2781,0,0,
2026-02-01T0011,P00,0.2339,100.8268,0,1,vendor_A
2026-02-01T0011,P01,-0.0044,100.8268,0,1,vendor_A
2026-02-01T0011,P02,-1.3623,100.8268,0,1,vendor_A
2026-02-01T0011,P03,0.0671,100.8268,0,1,vendor_A
2026-02-01T0011,P04,-1.3429,100.8268,0,0,vendor_A
2026-02-01T0011,P05,-0.6165,100.8268,0,0,vendor_B
2026-02-01T0011,P06,-0.2944,100.8268,0,0,vendor_B
2026-02-01T0011,P07,-2.0753,100.8268,0,0,vendor_B
2026-02-01T0011,P08,0.0915,100.8268,0,0,vendor_B
2026-02-01T0011,P09,0.1510,100.8268,0,0,
2026-02-01T0011,P10,-0.1580,100.8268,0,0,
2026-02-01T0011,P11,-0.4243,100.8268,0,0,
2026-02-01T0012,P00,-0.3736,99.8731,0,1,vendor_A
2026-02-01T0012,P01,-0.9765,99.8731,0,1,vendor_A
2026-02-01T0012,P02,-0.2697,99.8731,0,1,vendor_A
2026-02-01T0012,P03,-0.5526,99.8731,0,1,vendor_A
2026-02-01T0012,P04,0.0917,99.8731,0,0,vendor_A
2026-02-01T0012,P05,-1.2041,99.8731,0,0,vendor_B
2026-02-01T0012,P06,0.2356,99.8731,0,0,vendor_B
2026-02-01T0012,P07,0.1432,99.8731,0,0,vendor_B
2026-02-01T0012,P08,-0.1416,99.8731,0,0,vendor_B
2026-02-01T0012,P09,-0.4392,99.8731,0,0,
2026-02-01T0012,P10,0.5523,99.8731,0,0,
2026-02-01T0012,P11,-1.6646,99.8731,0,0,
2026-02-01T0013,P00,0.4605,99.8767,0,1,vendor_A
2026-02-01T0013,P01,0.2430,99.8767,0,1,vendor_A
2026-02-01T0013,P02,0.2834,99.8767,0,1,vendor_A
2026-02-01T0013,P03,0.3833,99.8767,0,1,vendor_A
2026-02-01T0013,P04,-0.6536,99.8767,0,0,vendor_A
2026-02-01T0013,P05,-0.2595,99.8767,0,0,vendor_B
2026-02-01T0013,P06,0.6371,99.8767,0,0,vendor_B
2026-02-01T0013,P07,0.4306,99.8767,0,0,vendor_B
2026-02-01T0013,P08,0.2067,99.8767,0,0,vendor_B
2026-02-01T0013,P09,-1.5143,99.8767,0,0,
2026-02-01T0013,P10,0.5379,99.8767,0,0,
2026-02-01T0013,P11,1.1695,99.8767,0,0,
2026-02-01T0014,P00,1.0097,99.6349,0,1,vendor_A
2026-02-01T0014,P01,0.2339,99.6349,0,1,vendor_A
2026-02-01T0014,P02,-1.5577,99.6349,0,1,vendor_A
2026-02-01T0014,P03,0.9425,99.6349,0,1,vendor_A
2026-02-01T0014,P04,-0.1473,99.6349,0,0,vendor_A
2026-02-01T0014,P05,-2.5325,99.6349,0,0,vendor_B
2026-02-01T0014,P06,0.3772,99.6349,0,0,vendor_B
2026-02-01T0014,P07,-1.4922,99.6349,0,0,vendor_B
2026-02-01T0014,P08,-1.2964,99.6349,0,0,vendor_B
2026-02-01T0014,P09,-0.6350,99.6349,0,0,
2026-02-01T0014,P10,1.2726,99.6349,0,0,
2026-02-01T0014,P11,-0.3708,99.6349,0,0,
2026-02-01T0015,P00,0.2710,100.3523,0,1,vendor_A
2026-02-01T0015,P01,1.7480,100.3523,0,1,vendor_A
2026-02-01T0015,P02,1.5940,100.3523,0,1,vendor_A
2026-02-01T0015,P03,-0.1034,100.3523,0,1,vendor_A
2026-02-01T0015,P04,-0.2415,100.3523,0,0,vendor_A
2026-02-01T0015,P05,-1.2609,100.3523,0,0,vendor_B
2026-02-01T0015,P06,-0.6945,100.3523,0,0,vendor_B
2026-02-01T0015,P07,0.4254,100.3523,0,0,vendor_B
2026-02-01T0015,P08,0.3957,100.3523,0,0,vendor_B
2026-02-01T0015,P09,0.1102,100.3523,0,0,
2026-02-01T0015,P10,0.9948,100.3523,0,0,
2026-02-01T0015,P11,-0.7724,100.3523,0,0,
2026-02-01T0016,P00,-0.0561,100.1273,0,1,vendor_A
2026-02-01T0016,P01,0.7312,100.1273,0,1,vendor_A
2026-02-01T0016,P02,0.5841,100.1273,0,1,vendor_A
2026-02-01T0016,P03,1.0709,100.1273,0,1,vendor_A
2026-02-01T0016,P04,0.3970,100.1273,0,0,vendor_A
2026-02-01T0016,P05,-0.3094,100.1273,0,0,vendor_B
2026-02-01T0016,P06,0.3622,100.1273,0,0,vendor_B
2026-02-01T0016,P07,-1.0026,100.1273,0,0,vendor_B
2026-02-01T0016,P08,-1.6395,100.1273,0,0,vendor_B
2026-02-01T0016,P09,0.5807,100.1273,0,0,
2026-02-01T0016,P10,-0.0551,100.1273,0,0,
2026-02-01T0016,P11,0.3084,100.1273,0,0,
2026-02-01T0017,P00,-1.6977,99.7262,0,1,vendor_A
2026-02-01T0017,P01,-0.3651,99.7262,0,1,vendor_A
2026-02-01T0017,P02,-0.5999,99.7262,0,1,vendor_A
2026-02-01T0017,P03,-0.8642,99.7262,0,1,vendor_A
2026-02-01T0017,P04,-2.2550,99.7262,0,0,vendor_A
2026-02-01T0017,P05,-0.3349,99.7262,0,0,vendor_B
2026-02-01T0017,P06,0.8973,99.7262,0,0,vendor_B
2026-02-01T0017,P07,0.3810,99.7262,0,0,vendor_B
2026-02-01T0017,P08,-0.6009,99.7262,0,0,vendor_B
2026-02-01T0017,P09,-0.0149,99.7262,0,0,
2026-02-01T0017,P10,0.7568,99.7262,0,0,
2026-02-01T0017,P11,-2.7604,99.7262,0,0,
2026-02-01T0018,P00,-0.1245,100.3934,0,1,vendor_A
2026-02-01T0018,P01,0.5432,100.3934,0,1,vendor_A
2026-02-01T0018,P02,0.6821,100.3934,0,1,vendor_A
2026-02-01T0018,P03,1.7007,100.3934,0,1,vendor_A
2026-02-01T0018,P04,1.1350,100.3934,0,0,vendor_A
2026-02-01T0018,P05,0.3126,100.3934,0,0,vendor_B
2026-02-01T0018,P06,0.3020,100.3934,0,0,vendor_B
2026-02-01T0018,P07,0.7869,100.3934,0,0,vendor_B
2026-02-01T0018,P08,-0.5393,100.3934,0,0,vendor_B
2026-02-01T0018,P09,-0.0402,100.3934,0,0,
2026-02-01T0018,P10,0.9062,100.3934,0,0,
2026-02-01T0018,P11,1.9574,100.3934,0,0,
2026-02-01T0019,P00,-0.1593,100.1371,0,1,vendor_A
2026-02-01T0019,P01,-0.0484,100.1371,0,1,vendor_A
2026-02-01T0019,P02,0.1985,100.1371,0,1,vendor_A
2026-02-01T0019,P03,1.3432,100.1371,0,1,vendor_A
2026-02-01T0019,P04,-0.0303,100.1371,0,0,vendor_A
2026-02-01T0019,P05,1.4694,100.1371,0,0,vendor_B
2026-02-01T0019,P06,-0.9667,100.1371,0,0,vendor_B
2026-02-01T0019,P07,-0.1860,100.1371,0,0,vendor_B
2026-02-01T0019,P08,-0.1982,100.1371,0,0,vendor_B
2026-02-01T0019,P09,0.7865,100.1371,0,0,
2026-02-01T0019,P10,1.0453,100.1371,0,0,
2026-02-01T0019,P11,-1.5094,100.1371,0,0,
2026-02-01T0020,P00,-0.9151,100.0058,0,1,vendor_A
2026-02-01T0020,P01,0.3369,100.0058,0,1,vendor_A
2026-02-01T0020,P02,-0.6587,100.0058,0,1,vendor_A
2026-02-01T0020,P03,-1.5224,100.0058,0,1,vendor_A
2026-02-01T0020,P04,1.0385,100.0058,0,0,vendor_A
2026-02-01T0020,P05,0.4940,100.0058,0,0,vendor_B
2026-02-01T0020,P06,0.4932,100.0058,0,0,vendor_B
2026-02-01T0020,P07,-0.4754,100.0058,0,0,vendor_B
2026-02-01T0020,P08,1.0289,100.0058,0,0,vendor_B
2026-02-01T0020,P09,-0.2400,100.0058,0,0,
2026-02-01T0020,P10,1.0964,100.0058,0,0,
2026-02-01T0020,P11,-0.9117,100.0058,0,0,
2026-02-01T0021,P00,-0.8541,100.9906,0,1,vendor_A
2026-02-01T0021,P01,0.2047,100.9906,0,1,vendor_A
2026-02-01T0021,P02,-0.7023,100.9906,0,1,vendor_A
2026-02-01T0021,P03,0.6755,100.9906,0,1,vendor_A
2026-02-01T0021,P04,0.2601,100.9906,0,0,vendor_A
2026-02-01T0021,P05,-0.9230,100.9906,0,0,vendor_B
2026-02-01T0021,P06,0.0729,100.9906,0,0,vendor_B
2026-02-01T0021,P07,-0.3513,100.9906,0,0,vendor_B
2026-02-01T0021,P08,0.9158,100.9906,0,0,vendor_B
2026-02-01T0021,P09,-0.6326,100.9906,0,0,
2026-02-01T0021,P10,-0.4392,100.9906,0,0,
2026-02-01T0021,P11,1.2112,100.9906,0,0,
2026-02-01T0022,P00,2.2386,101.9219,0,1,vendor_A
2026-02-01T0022,P01,1.9990,101.9219,0,1,vendor_A
2026-02-01T0022,P02,0.0632,101.9219,0,1,vendor_A
2026-02-01T0022,P03,0.2189,101.9219,0,1,vendor_A
2026-02-01T0022,P04,1.5335,101.9219,0,0,vendor_A
2026-02-01T0022,P05,-0.1244,101.9219,0,0,vendor_B
2026-02-01T0022,P06,-0.9763,101.9219,0,0,vendor_B
2026-02-01T0022,P07,0.1169,101.9219,0,0,vendor_B
2026-02-01T0022,P08,0.4515,101.9219,0,0,vendor_B
2026-02-01T0022,P09,-0.8291,101.9219,0,0,
2026-02-01T0022,P10,-1.6462,101.9219,0,0,
2026-02-01T0022,P11,-1.4367,101.9219,0,0,
2026-02-01T0023,P00,0.6654,102.2642,0,1,vendor_A
2026-02-01T0023,P01,-0.7584,102.2642,0,1,vendor_A
2026-02-01T0023,P02,-0.1413,102.2642,0,1,vendor_A
2026-02-01T0023,P03,0.2126,102.2642,0,1,vendor_A
2026-02-01T0023,P04,0.6191,102.2642,0,0,vendor_A
2026-02-01T0023,P05,-0.3349,102.2642,0,0,vendor_B
2026-02-01T0023,P06,0.4987,102.2642,0,0,vendor_B
2026-02-01T0023,P07,-0.8901,102.2642,0,0,vendor_B
2026-02-01T0023,P08,-0.3617,102.2642,0,0,vendor_B
2026-02-01T0023,P09,-1.0244,102.2642,0,0,
2026-02-01T0023,P10,1.1318,102.2642,0,0,
2026-02-01T0023,P11,-0.0271,102.2642,0,0,
2026-02-01T0024,P00,-0.7393,102.4861,0,1,vendor_A
2026-02-01T0024,P01,-0.3524,102.4861,0,1,vendor_A
2026-02-01T0024,P02,-0.2217,102.4861,0,1,vendor_A
2026-02-01T0024,P03,0.7005,102.4861,0,1,vendor_A
2026-02-01T0024,P04,-1.5956,102.4861,0,0,vendor_A
2026-02-01T0024,P05,-1.0372,102.4861,0,0,vendor_B
2026-02-01T0024,P06,-0.3781,102.4861,0,0,vendor_B
2026-02-01T0024,P07,2.5323,102.4861,0,0,vendor_B
2026-02-01T0024,P08,0.9557,102.4861,0,0,vendor_B
2026-02-01T0024,P09,-0.1115,102.4861,0,0,
2026-02-01T0024,P10,0.7120,102.4861,0,0,
2026-02-01T0024,P11,2.0574,102.4861,0,0,
2026-02-01T0025,P00,-0.2337,102.0262,0,1,vendor_A
2026-02-01T0025,P01,-0.3664,102.0262,0,1,vendor_A
2026-02-01T0025,P02,1.2119,102.0262,0,1,vendor_A
2026-02-01T0025,P03,0.4942,102.0262,0,1,vendor_A
2026-02-01T0025,P04,0.6713,102.0262,0,0,vendor_A
2026-02-01T0025,P05,-0.5082,102.0262,0,0,vendor_B
2026-02-01T0025,P06,1.9242,102.0262,0,0,vendor_B
2026-02-01T0025,P07,1.7096,102.0262,0,0,vendor_B
2026-02-01T0025,P08,0.5659,102.0262,0,0,vendor_B
2026-02-01T0025,P09,0.6843,102.0262,0,0,
2026-02-01T0025,P10,-2.0273,102.0262,0,0,
2026-02-01T0025,P11,0.6377,102.0262,0,0,
2026-02-01T0026,P00,-0.1941,102.2077,0,1,vendor_A
2026-02-01T0026,P01,0.4339,102.2077,0,1,vendor_A
2026-02-01T0026,P02,0.6825,102.2077,0,1,vendor_A
2026-02-01T0026,P03,-0.3413,102.2077,0,1,vendor_A
2026-02-01T0026,P04,-1.6905,102.2077,0,0,vendor_A
2026-02-01T0026,P05,0.3679,102.2077,0,0,vendor_B
2026-02-01T0026,P06,-0.7414,102.2077,0,0,vendor_B
2026-02-01T0026,P07,-0.3302,102.2077,0,0,vendor_B
2026-02-01T0026,P08,-0.6045,102.2077,0,0,vendor_B
2026-02-01T0026,P09,-0.3416,102.2077,0,0,
2026-02-01T0026,P10,-2.3095,102.2077,0,0,
2026-02-01T0026,P11,1.2169,102.2077,0,0,
2026-02-01T0027,P00,0.2533,102.0738,0,1,vendor_A
2026-02-01T0027,P01,1.1114,102.0738,0,1,vendor_A
2026-02-01T0027,P02,1.9798,102.0738,0,1,vendor_A
2026-02-01T0027,P03,0.0226,102.0738,0,1,vendor_A
2026-02-01T0027,P04,-1.8024,102.0738,0,0,vendor_A
2026-02-01T0027,P05,-0.8939,102.0738,0,0,vendor_B
2026-02-01T0027,P06,-1.2069,102.0738,0,0,vendor_B
2026-02-01T0027,P07,-0.5019,102.0738,0,0,vendor_B
2026-02-01T0027,P08,0.0796,102.0738,0,0,vendor_B
2026-02-01T0027,P09,-2.0022,102.0738,0,0,
2026-02-01T0027,P10,0.3425,102.0738,0,0,
2026-02-01T0027,P11,-1.5104,102.0738,0,0,
2026-02-01T0028,P00,0.2974,102.2750,0,1,vendor_A
2026-02-01T0028,P01,-0.1095,102.2750,0,1,vendor_A
2026-02-01T0028,P02,-0.3136,102.2750,0,1,vendor_A
2026-02-01T0028,P03,-0.0730,102.2750,0,1,vendor_A
2026-02-01T0028,P04,-0.5398,102.2750,0,0,vendor_A
2026-02-01T0028,P05,-0.6125,102.2750,0,0,vendor_B
2026-02-01T0028,P06,-1.6828,102.2750,0,0,vendor_B
2026-02-01T0028,P07,-0.0296,102.2750,0,0,vendor_B
2026-02-01T0028,P08,1.8455,102.2750,0,0,vendor_B
2026-02-01T0028,P09,1.9805,102.2750,0,0,
2026-02-01T0028,P10,1.3218,102.2750,0,0,
2026-02-01T0028,P11,0.7058,102.2750,0,0,
2026-02-01T0029,P00,-0.6765,101.9520,0,1,vendor_A
2026-02-01T0029,P01,1.4428,101.9520,0,1,vendor_A
2026-02-01T0029,P02,-0.0561,101.9520,0,1,vendor_A
2026-02-01T0029,P03,-0.0689,101.9520,0,1,vendor_A
2026-02-01T0029,P04,-0.2912,101.9520,0,0,vendor_A
2026-02-01T0029,P05,0.0920,101.9520,0,0,vendor_B
2026-02-01T0029,P06,-0.4352,101.9520,0,0,vendor_B
2026-02-01T0029,P07,-0.0838,101.9520,0,0,vendor_B
2026-02-01T0029,P08,-1.0846,101.9520,0,0,vendor_B
2026-02-01T0029,P09,-0.3737,101.9520,0,0,
2026-02-01T0029,P10,2.2806,101.9520,0,0,
2026-02-01T0029,P11,-0.0696,101.9520,0,0,
2026-02-01T0030,P00,-0.2387,101.9644,0,1,vendor_A
2026-02-01T0030,P01,0.5324,101.9644,0,1,vendor_A
2026-02-01T0030,P02,0.7081,101.9644,0,1,vendor_A
2026-02-01T0030,P03,-1.1138,101.9644,0,1,vendor_A
2026-02-01T0030,P04,-0.2072,101.9644,0,0,vendor_A
2026-02-01T0030,P05,0.9183,101.9644,0,0,vendor_B
2026-02-01T0030,P06,0.2698,101.9644,0,0,vendor_B
2026-02-01T0030,P07,0.1220,101.9644,0,0,vendor_B
2026-02-01T0030,P08,1.5540,101.9644,0,0,vendor_B
2026-02-01T0030,P09,-0.6778,101.9644,0,0,
2026-02-01T0030,P10,0.0827,101.9644,0,0,
2026-02-01T0030,P11,-0.5201,101.9644,0,0,
2026-02-01T0031,P00,1.4903,101.8150,0,1,vendor_A
2026-02-01T0031,P01,-1.9519,101.8150,0,1,vendor_A
2026-02-01T0031,P02,-0.6701,101.8150,0,1,vendor_A
2026-02-01T0031,P03,-0.5292,101.8150,0,1,vendor_A
2026-02-01T0031,P04,0.6635,101.8150,0,0,vendor_A
2026-02-01T0031,P05,0.6063,101.8150,0,0,vendor_B
2026-02-01T0031,P06,1.3952,101.8150,0,0,vendor_B
2026-02-01T0031,P07,-1.5740,101.8150,0,0,vendor_B
2026-02-01T0031,P08,0.7505,101.8150,0,0,vendor_B
2026-02-01T0031,P09,-0.2933,101.8150,0,0,
2026-02-01T0031,P10,-0.6656,101.8150,0,0,
2026-02-01T0031,P11,0.5396,101.8150,0,0,
2026-02-01T0032,P00,-0.9201,101.7528,0,1,vendor_A
2026-02-01T0032,P01,-2.0769,101.7528,0,1,vendor_A
2026-02-01T0032,P02,-0.3702,101.7528,0,1,vendor_A
2026-02-01T0032,P03,-1.4978,101.7528,0,1,vendor_A
2026-02-01T0032,P04,-0.6489,101.7528,0,0,vendor_A
2026-02-01T0032,P05,0.3716,101.7528,0,0,vendor_B
2026-02-01T0032,P06,0.3120,101.7528,0,0,vendor_B
2026-02-01T0032,P07,1.5869,101.7528,0,0,vendor_B
2026-02-01T0032,P08,-0.1997,101.7528,0,0,vendor_B
2026-02-01T0032,P09,-1.5333,101.7528,0,0,
2026-02-01T0032,P10,-0.7561,101.7528,0,0,
2026-02-01T0032,P11,-0.9194,101.7528,0,0,
2026-02-01T0033,P00,-1.2178,102.5966,0,1,vendor_A
2026-02-01T0033,P01,0.4354,102.5966,0,1,vendor_A
2026-02-01T0033,P02,-0.6452,102.5966,0,1,vendor_A
2026-02-01T0033,P03,-1.9774,102.5966,0,1,vendor_A
2026-02-01T0033,P04,0.6969,102.5966,0,0,vendor_A
2026-02-01T0033,P05,-0.1114,102.5966,0,0,vendor_B
2026-02-01T0033,P06,0.3568,102.5966,0,0,vendor_B
2026-02-01T0033,P07,0.1057,102.5966,0,0,vendor_B
2026-02-01T0033,P08,0.6317,102.5966,0,0,vendor_B
2026-02-01T0033,P09,0.0380,102.5966,0,0,
2026-02-01T0033,P10,1.2362,102.5966,0,0,
2026-02-01T0033,P11,0.4250,102.5966,0,0,
2026-02-01T0034,P00,0.3921,102.6634,0,1,vendor_A
2026-02-01T0034,P01,0.4099,102.6634,0,1,vendor_A
2026-02-01T0034,P02,-1.4566,102.6634,0,1,vendor_A
2026-02-01T0034,P03,-0.1646,102.6634,0,1,vendor_A
2026-02-01T0034,P04,-0.2593,102.6634,0,0,vendor_A
2026-02-01T0034,P05,0.2075,102.6634,0,0,vendor_B
2026-02-01T0034,P06,-1.3587,102.6634,0,0,vendor_B
2026-02-01T0034,P07,1.6341,102.6634,0,0,vendor_B
2026-02-01T0034,P08,0.1044,102.6634,0,0,vendor_B
2026-02-01T0034,P09,-1.2113,102.6634,0,0,
2026-02-01T0034,P10,-1.7089,102.6634,0,0,
2026-02-01T0034,P11,-0.2813,102.6634,0,0,
2026-02-01T0035,P00,-0.0897,101.6091,0,1,vendor_A
2026-02-01T0035,P01,-0.7183,101.6091,0,1,vendor_A
2026-02-01T0035,P02,0.0921,101.6091,0,1,vendor_A
2026-02-01T0035,P03,-0.6412,101.6091,0,1,vendor_A
2026-02-01T0035,P04,0.5517,101.6091,0,0,vendor_A
2026-02-01T0035,P05,-0.7245,101.6091,0,0,vendor_B
2026-02-01T0035,P06,-0.0385,101.6091,0,0,vendor_B
2026-02-01T0035,P07,0.9788,101.6091,0,0,vendor_B
2026-02-01T0035,P08,2.5717,101.6091,0,0,vendor_B
2026-02-01T0035,P09,-1.0076,101.6091,0,0,
2026-02-01T0035,P10,-0.4645,101.6091,0,0,
2026-02-01T0035,P11,-0.8398,101.6091,0,0,
2026-02-01T0036,P00,0.7843,100.7467,0,1,vendor_A
2026-02-01T0036,P01,-1.1481,100.7467,0,1,vendor_A
2026-02-01T0036,P02,-0.4844,100.7467,0,1,vendor_A
2026-02-01T0036,P03,-0.0296,100.7467,0,1,vendor_A
2026-02-01T0036,P04,-0.9787,100.7467,0,0,vendor_A
2026-02-01T0036,P05,-0.9573,100.7467,0,0,vendor_B
2026-02-01T0036,P06,-0.4756,100.7467,0,0,vendor_B
2026-02-01T0036,P07,-2.1004,100.7467,0,0,vendor_B
2026-02-01T0036,P08,-1.4455,100.7467,0,0,vendor_B
2026-02-01T0036,P09,-0.4130,100.7467,0,0,
2026-02-01T0036,P10,0.1482,100.7467,0,0,
2026-02-01T0036,P11,-0.1858,100.7467,0,0,
2026-02-01T0037,P00,-1.7740,99.6975,0,1,vendor_A
2026-02-01T0037,P01,-0.4638,99.6975,0,1,vendor_A
2026-02-01T0037,P02,0.7984,99.6975,0,1,vendor_A
2026-02-01T0037,P03,0.5559,99.6975,0,1,vendor_A
2026-02-01T0037,P04,-0.0787,99.6975,0,0,vendor_A
2026-02-01T0037,P05,-0.8874,99.6975,0,0,vendor_B
2026-02-01T0037,P06,0.6312,99.6975,0,0,vendor_B
2026-02-01T0037,P07,-0.5789,99.6975,0,0,vendor_B
2026-02-01T0037,P08,-1.1692,99.6975,0,0,vendor_B
2026-02-01T0037,P09,-0.8022,99.6975,0,0,
2026-02-01T0037,P10,1.4483,99.6975,0,0,
2026-02-01T0037,P11,0.2202,99.6975,0,0,
2026-02-01T0038,P00,1.1592,99.3481,0,1,vendor_A
2026-02-01T0038,P01,-0.4793,99.3481,0,1,vendor_A
2026-02-01T0038,P02,0.9381,99.3481,0,1,vendor_A
2026-02-01T0038,P03,-0.6015,99.3481,0,1,vendor_A
2026-02-01T0038,P04,-0.1574,99.3481,0,0,vendor_A
2026-02-01T0038,P05,2.4864,99.3481,0,0,vendor_B
2026-02-01T0038,P06,0.7671,99.3481,0,0,vendor_B
2026-02-01T0038,P07,-0.5012,99.3481,0,0,vendor_B
2026-02-01T0038,P08,-0.0848,99.3481,0,0,vendor_B
2026-02-01T0038,P09,0.3262,99.3481,0,0,
2026-02-01T0038,P10,1.2105,99.3481,0,0,
2026-02-01T0038,P11,-0.4891,99.3481,0,0,
2026-02-01T0039,P00,-1.7413,99.7671,0,1,vendor_A
2026-02-01T0039,P01,-0.2796,99.7671,0,1,vendor_A
2026-02-01T0039,P02,0.0154,99.7671,0,1,vendor_A
2026-02-01T0039,P03,0.1095,99.7671,0,1,vendor_A
2026-02-01T0039,P04,1.3167,99.7671,0,0,vendor_A
2026-02-01T0039,P05,0.3167,99.7671,0,0,vendor_B
2026-02-01T0039,P06,0.8129,99.7671,0,0,vendor_B
2026-02-01T0039,P07,-1.1011,99.7671,0,0,vendor_B
2026-02-01T0039,P08,0.8679,99.7671,0,0,vendor_B
2026-02-01T0039,P09,2.0962,99.7671,0,0,
2026-02-01T0039,P10,0.7729,99.7671,0,0,
2026-02-01T0039,P11,0.2536,99.7671,0,0,
2026-02-01T0040,P00,0.1540,99.9965,0,1,vendor_A
2026-02-01T0040,P01,1.7871,99.9965,0,1,vendor_A
2026-02-01T0040,P02,-0.9272,99.9965,0,1,vendor_A
2026-02-01T0040,P03,-0.1111,99.9965,0,1,vendor_A
2026-02-01T0040,P04,0.4602,99.9965,0,0,vendor_A
2026-02-01T0040,P05,0.7440,99.9965,0,0,vendor_B
2026-02-01T0040,P06,-0.4373,99.9965,0,0,vendor_B
2026-02-01T0040,P07,0.3073,99.9965,0,0,vendor_B
2026-02-01T0040,P08,-0.2779,99.9965,0,0,vendor_B
2026-02-01T0040,P09,0.1205,99.9965,0,0,
2026-02-01T0040,P10,-0.1321,99.9965,0,0,
2026-02-01T0040,P11,-1.1416,99.9965,0,0,
2026-02-01T0041,P00,-0.0211,99.7301,0,1,vendor_A
2026-02-01T0041,P01,0.8772,99.7301,0,1,vendor_A
2026-02-01T0041,P02,-0.9670,99.7301,0,1,vendor_A
2026-02-01T0041,P03,-0.2411,99.7301,0,1,vendor_A
2026-02-01T0041,P04,0.6648,99.7301,0,0,vendor_A
2026-02-01T0041,P05,-1.0699,99.7301,0,0,vendor_B
2026-02-01T0041,P06,0.1826,99.7301,0,0,vendor_B
2026-02-01T0041,P07,-1.0601,99.7301,0,0,vendor_B
2026-02-01T0041,P08,1.1346,99.7301,0,0,vendor_B
2026-02-01T0041,P09,2.3128,99.7301,0,0,
2026-02-01T0041,P10,2.0223,99.7301,0,0,
2026-02-01T0041,P11,-0.2192,99.7301,0,0,
2026-02-01T0042,P00,0.7402,99.9985,0,1,vendor_A
2026-02-01T0042,P01,0.1210,99.9985,0,1,vendor_A
2026-02-01T0042,P02,0.1021,99.9985,0,1,vendor_A
2026-02-01T0042,P03,1.5478,99.9985,0,1,vendor_A
2026-02-01T0042,P04,-1.3192,99.9985,0,0,vendor_A
2026-02-01T0042,P05,1.0553,99.9985,0,0,vendor_B
2026-02-01T0042,P06,-0.0490,99.9985,0,0,vendor_B
2026-02-01T0042,P07,1.4085,99.9985,0,0,vendor_B
2026-02-01T0042,P08,0.1872,99.9985,0,0,vendor_B
2026-02-01T0042,P09,-0.6727,99.9985,0,0,
2026-02-01T0042,P10,0.2771,99.9985,0,0,
2026-02-01T0042,P11,0.7360,99.9985,0,0,
2026-02-01T0043,P00,0.0358,99.4968,0,1,vendor_A
2026-02-01T0043,P01,0.4880,99.4968,0,1,vendor_A
2026-02-01T0043,P02,-0.5217,99.4968,0,1,vendor_A
2026-02-01T0043,P03,-2.1339,99.4968,0,1,vendor_A
2026-02-01T0043,P04,0.9000,99.4968,0,0,vendor_A
2026-02-01T0043,P05,0.6992,99.4968,0,0,vendor_B
2026-02-01T0043,P06,0.1482,99.4968,0,0,vendor_B
2026-02-01T0043,P07,0.0684,99.4968,0,0,vendor_B
2026-02-01T0043,P08,1.0363,99.4968,0,0,vendor_B
2026-02-01T0043,P09,-0.4571,99.4968,0,0,
2026-02-01T0043,P10,-0.7065,99.4968,0,0,
2026-02-01T0043,P11,-0.1885,99.4968,0,0,
2026-02-01T0044,P00,1.1891,98.6407,0,1,vendor_A
2026-02-01T0044,P01,-1.3871,98.6407,0,1,vendor_A
2026-02-01T0044,P02,1.1918,98.6407,0,1,vendor_A
2026-02-01T0044,P03,-0.6393,98.6407,0,1,vendor_A
2026-02-01T0044,P04,-1.1007,98.6407,0,0,vendor_A
2026-02-01T0044,P05,1.2601,98.6407,0,0,vendor_B
2026-02-01T0044,P06,-0.0969,98.6407,0,0,vendor_B
2026-02-01T0044,P07,-1.3002,98.6407,0,0,vendor_B
2026-02-01T0044,P08,-0.3587,98.6407,0,0,vendor_B
2026-02-01T0044,P09,0.9311,98.6407,0,0,
2026-02-01T0044,P10,1.1921,98.6407,0,0,
2026-02-01T0044,P11,-0.4271,98.6407,0,0,
2026-02-01T0045,P00,0.4063,97.7852,0,1,vendor_A
2026-02-01T0045,P01,0.7141,97.7852,0,1,vendor_A
2026-02-01T0045,P02,-0.6446,97.7852,0,1,vendor_A
2026-02-01T0045,P03,0.3550,97.7852,0,1,vendor_A
2026-02-01T0045,P04,-0.0319,97.7852,0,0,vendor_A
2026-02-01T0045,P05,-0.5360,97.7852,0,0,vendor_B
2026-02-01T0045,P06,-0.4921,97.7852,0,0,vendor_B
2026-02-01T0045,P07,0.0670,97.7852,0,0,vendor_B
2026-02-01T0045,P08,0.0299,97.7852,0,0,vendor_B
2026-02-01T0045,P09,-0.5655,97.7852,0,0,
2026-02-01T0045,P10,-0.4259,97.7852,0,0,
2026-02-01T0045,P11,1.1133,97.7852,0,0,
2026-02-01T0046,P00,0.2138,97.4326,0,1,vendor_A
2026-02-01T0046,P01,0.8851,97.4326,0,1,vendor_A
2026-02-01T0046,P02,1.2018,97.4326,0,1,vendor_A
2026-02-01T0046,P03,0.5888,97.4326,0,1,vendor_A
2026-02-01T0046,P04,2.2709,97.4326,0,0,vendor_A
2026-02-01T0046,P05,-0.8253,97.4326,0,0,vendor_B
2026-02-01T0046,P06,0.8084,97.4326,0,0,vendor_B
2026-02-01T0046,P07,-0.3181,97.4326,0,0,vendor_B
2026-02-01T0046,P08,1.8558,97.4326,0,0,vendor_B
2026-02-01T0046,P09,1.7004,97.4326,0,0,
2026-02-01T0046,P10,-1.9542,97.4326,0,0,
2026-02-01T0046,P11,-0.9689,97.4326,0,0,
2026-02-01T0047,P00,0.6643,98.3177,0,1,vendor_A
2026-02-01T0047,P01,0.7899,98.3177,0,1,vendor_A
2026-02-01T0047,P02,0.7366,98.3177,0,1,vendor_A
2026-02-01T0047,P03,-0.0709,98.3177,0,1,vendor_A
2026-02-01T0047,P04,0.4551,98.3177,0,0,vendor_A
2026-02-01T0047,P05,0.6530,98.3177,0,0,vendor_B
2026-02-01T0047,P06,-0.0779,98.3177,0,0,vendor_B
2026-02-01T0047,P07,1.0273,98.3177,0,0,vendor_B
2026-02-01T0047,P08,-2.2595,98.3177,0,0,vendor_B
2026-02-01T0047,P09,0.6338,98.3177,0,0,
2026-02-01T0047,P10,-1.0341,98.3177,0,0,
2026-02-01T0047,P11,0.9587,98.3177,0,0,
2026-02-01T0048,P00,-0.2287,97.4475,0,1,vendor_A
2026-02-01T0048,P01,-0.8888,97.4475,0,1,vendor_A
2026-02-01T0048,P02,0.3739,97.4475,0,1,vendor_A
2026-02-01T0048,P03,-0.9113,97.4475,0,1,vendor_A
2026-02-01T0048,P04,-0.9128,97.4475,0,0,vendor_A
2026-02-01T0048,P05,-1.5673,97.4475,0,0,vendor_B
2026-02-01T0048,P06,-0.0267,97.4475,0,0,vendor_B
2026-02-01T0048,P07,0.4968,97.4475,0,0,vendor_B
2026-02-01T0048,P08,1.0230,97.4475,0,0,vendor_B
2026-02-01T0048,P09,-0.1417,97.4475,0,0,
2026-02-01T0048,P10,1.0479,97.4475,0,0,
2026-02-01T0048,P11,0.0180,97.4475,0,0,
2026-02-01T0049,P00,-0.0933,98.1550,0,1,vendor_A
2026-02-01T0049,P01,0.5736,98.1550,0,1,vendor_A
2026-02-01T0049,P02,1.0584,98.1550,0,1,vendor_A
2026-02-01T0049,P03,-0.3414,98.1550,0,1,vendor_A
2026-02-01T0049,P04,-0.2438,98.1550,0,0,vendor_A
2026-02-01T0049,P05,-0.1608,98.1550,0,0,vendor_B
2026-02-01T0049,P06,0.0828,98.1550,0,0,vendor_B
2026-02-01T0049,P07,-0.9004,98.1550,0,0,vendor_B
2026-02-01T0049,P08,1.0280,98.1550,0,0,vendor_B
2026-02-01T0049,P09,-0.4004,98.1550,0,0,
2026-02-01T0049,P10,0.4624,98.1550,0,0,
2026-02-01T0049,P11,-0.8255,98.1550,0,0,
2026-02-01T0050,P00,0.3588,99.0734,0,1,vendor_A
2026-02-01T0050,P01,0.3916,99.0734,0,1,vendor_A
2026-02-01T0050,P02,-0.4207,99.0734,0,1,vendor_A
2026-02-01T0050,P03,2.0209,99.0734,0,1,vendor_A
2026-02-01T0050,P04,0.3710,99.0734,0,0,vendor_A
2026-02-01T0050,P05,1.7769,99.0734,0,0,vendor_B
2026-02-01T0050,P06,0.9591,99.0734,0,0,vendor_B
2026-02-01T0050,P07,-0.6623,99.0734,0,0,vendor_B
2026-02-01T0050,P08,-0.3822,99.0734,0,0,vendor_B
2026-02-01T0050,P09,0.4361,99.0734,0,0,
2026-02-01T0050,P10,0.0612,99.0734,0,0,
2026-02-01T0050,P11,0.0495,99.0734,0,0,
2026-02-01T0051,P00,-0.2862,98.6137,0,1,vendor_A
2026-02-01T0051,P01,-1.8085,98.6137,0,1,vendor_A
2026-02-01T0051,P02,-0.2254,98.6137,0,1,vendor_A
2026-02-01T0051,P03,-2.2181,98.6137,0,1,vendor_A
2026-02-01T0051,P04,0.3718,98.6137,0,0,vendor_A
2026-02-01T0051,P05,-0.7261,98.6137,0,0,vendor_B
2026-02-01T0051,P06,-0.7154,98.6137,0,0,vendor_B
2026-02-01T0051,P07,-0.2193,98.6137,0,0,vendor_B
2026-02-01T0051,P08,0.2727,98.6137,0,0,vendor_B
2026-02-01T0051,P09,-1.4320,98.6137,0,0,
2026-02-01T0051,P10,-1.7486,98.6137,0,0,
2026-02-01T0051,P11,-1.0661,98.6137,0,0,
2026-02-01T0052,P00,-2.0417,98.5310,0,1,vendor_A
2026-02-01T0052,P01,-0.9668,98.5310,0,1,vendor_A
2026-02-01T0052,P02,1.5909,98.5310,0,1,vendor_A
2026-02-01T0052,P03,-1.0566,98.5310,0,1,vendor_A
2026-02-01T0052,P04,0.6514,98.5310,0,0,vendor_A
2026-02-01T0052,P05,-1.3716,98.5310,0,0,vendor_B
2026-02-01T0052,P06,0.2991,98.5310,0,0,vendor_B
2026-02-01T0052,P07,-0.3197,98.5310,0,0,vendor_B
2026-02-01T0052,P08,-0.0598,98.5310,0,0,vendor_B
2026-02-01T0052,P09,0.5688,98.5310,0,0,
2026-02-01T0052,P10,1.7562,98.5310,0,0,
2026-02-01T0052,P11,0.1947,98.5310,0,0,
2026-02-01T0053,P00,0.1244,98.1239,0,1,vendor_A
2026-02-01T0053,P01,-0.9734,98.1239,0,1,vendor_A
2026-02-01T0053,P02,0.5833,98.1239,0,1,vendor_A
2026-02-01T0053,P03,-0.2461,98.1239,0,1,vendor_A
2026-02-01T0053,P04,0.8320,98.1239,0,0,vendor_A
2026-02-01T0053,P05,-0.0437,98.1239,0,0,vendor_B
2026-02-01T0053,P06,1.7409,98.1239,0,0,vendor_B
2026-02-01T0053,P07,-1.9829,98.1239,0,0,vendor_B
2026-02-01T0053,P08,-0.2966,98.1239,0,0,vendor_B
2026-02-01T0053,P09,0.8815,98.1239,0,0,
2026-02-01T0053,P10,-0.3507,98.1239,0,0,
2026-02-01T0053,P11,-0.7922,98.1239,0,0,
2026-02-01T0054,P00,-0.2659,98.0819,0,1,vendor_A
2026-02-01T0054,P01,-1.3799,98.0819,0,1,vendor_A
2026-02-01T0054,P02,0.1190,98.0819,0,1,vendor_A
2026-02-01T0054,P03,2.4405,98.0819,0,1,vendor_A
2026-02-01T0054,P04,1.1450,98.0819,0,0,vendor_A
2026-02-01T0054,P05,-1.1090,98.0819,0,0,vendor_B
2026-02-01T0054,P06,-0.8733,98.0819,0,0,vendor_B
2026-02-01T0054,P07,-0.4047,98.0819,0,0,vendor_B
2026-02-01T0054,P08,1.0044,98.0819,0,0,vendor_B
2026-02-01T0054,P09,-0.8215,98.0819,0,0,
2026-02-01T0054,P10,-0.6902,98.0819,0,0,
2026-02-01T0054,P11,0.8847,98.0819,0,0,
2026-02-01T0055,P00,0.8647,98.3541,0,1,vendor_A
2026-02-01T0055,P01,-0.3738,98.3541,0,1,vendor_A
2026-02-01T0055,P02,-1.1178,98.3541,0,1,vendor_A
2026-02-01T0055,P03,-1.5497,98.3541,0,1,vendor_A
2026-02-01T0055,P04,-0.6990,98.3541,0,0,vendor_A
2026-02-01T0055,P05,-2.2305,98.3541,0,0,vendor_B
2026-02-01T0055,P06,0.7498,98.3541,0,0,vendor_B
2026-02-01T0055,P07,-0.6300,98.3541,0,0,vendor_B
2026-02-01T0055,P08,0.4813,98.3541,0,0,vendor_B
2026-02-01T0055,P09,1.8683,98.3541,0,0,
2026-02-01T0055,P10,1.1730,98.3541,0,0,
2026-02-01T0055,P11,-1.1511,98.3541,0,0,
2026-02-01T0056,P00,0.8692,98.2070,0,1,vendor_A
2026-02-01T0056,P01,1.1579,98.2070,0,1,vendor_A
2026-02-01T0056,P02,-0.7464,98.2070,0,1,vendor_A
2026-02-01T0056,P03,-0.9533,98.2070,0,1,vendor_A
2026-02-01T0056,P04,-0.1097,98.2070,0,0,vendor_A
2026-02-01T0056,P05,-1.6014,98.2070,0,0,vendor_B
2026-02-01T0056,P06,1.4707,98.2070,0,0,vendor_B
2026-02-01T0056,P07,-2.4054,98.2070,0,0,vendor_B
2026-02-01T0056,P08,-1.1068,98.2070,0,0,vendor_B
2026-02-01T0056,P09,-0.2696,98.2070,0,0,
2026-02-01T0056,P10,-0.2271,98.2070,0,0,
2026-02-01T0056,P11,0.1661,98.2070,0,0,
2026-02-01T0057,P00,0.2714,98.7088,0,1,vendor_A
2026-02-01T0057,P01,-0.2136,98.7088,0,1,vendor_A
2026-02-01T0057,P02,1.1369,98.7088,0,1,vendor_A
2026-02-01T0057,P03,-2.1394,98.7088,0,1,vendor_A
2026-02-01T0057,P04,-0.0002,98.7088,0,0,vendor_A
2026-02-01T0057,P05,-0.7146,98.7088,0,0,vendor_B
2026-02-01T0057,P06,0.1325,98.7088,0,0,vendor_B
2026-02-01T0057,P07,0.2208,98.7088,0,0,vendor_B
2026-02-01T0057,P08,-0.9118,98.7088,0,0,vendor_B
2026-02-01T0057,P09,-0.6409,98.7088,0,0,
2026-02-01T0057,P10,0.7926,98.7088,0,0,
2026-02-01T0057,P11,0.3491,98.7088,0,0,
2026-02-01T0058,P00,-0.6802,99.5320,0,1,vendor_A
2026-02-01T0058,P01,2.0399,99.5320,0,1,vendor_A
2026-02-01T0058,P02,2.3092,99.5320,0,1,vendor_A
2026-02-01T0058,P03,-1.4625,99.5320,0,1,vendor_A
2026-02-01T0058,P04,0.3018,99.5320,0,0,vendor_A
2026-02-01T0058,P05,2.5090,99.5320,0,0,vendor_B
2026-02-01T0058,P06,0.7839,99.5320,0,0,vendor_B
2026-02-01T0058,P07,0.2211,99.5320,0,0,vendor_B
2026-02-01T0058,P08,-0.2081,99.5320,0,0,vendor_B
2026-02-01T0058,P09,-0.5412,99.5320,0,0,
2026-02-01T0058,P10,-0.2125,99.5320,0,0,
2026-02-01T0058,P11,-0.5507,99.5320,0,0,
2026-02-01T0059,P00,0.7449,99.7036,0,1,vendor_A
2026-02-01T0059,P01,-0.3982,99.7036,0,1,vendor_A
2026-02-01T0059,P02,-0.4412,99.7036,0,1,vendor_A
2026-02-01T0059,P03,-1.2022,99.7036,0,1,vendor_A
2026-02-01T0059,P04,-0.0496,99.7036,0,0,vendor_A
2026-02-01T0059,P05,-0.8941,99.7036,0,0,vendor_B
2026-02-01T0059,P06,-0.1808,99.7036,0,0,vendor_B
2026-02-01T0059,P07,1.0418,99.7036,0,0,vendor_B
2026-02-01T0059,P08,0.3659,99.7036,0,0,vendor_B
2026-02-01T0059,P09,0.5047,99.7036,0,0,
2026-02-01T0059,P10,0.3561,99.7036,0,0,
2026-02-01T0059,P11,0.0592,99.7036,0,0,
2026-02-01T0060,P00,-0.1273,99.8448,0,1,vendor_A
2026-02-01T0060,P01,-0.3078,99.8448,0,1,vendor_A
2026-02-01T0060,P02,0.7591,99.8448,0,1,vendor_A
2026-02-01T0060,P03,-1.0842,99.8448,0,1,vendor_A
2026-02-01T0060,P04,1.3407,99.8448,0,0,vendor_A
2026-02-01T0060,P05,0.0341,99.8448,0,0,vendor_B
2026-02-01T0060,P06,-0.7487,99.8448,0,0,vendor_B
2026-02-01T0060,P07,-0.4891,99.8448,0,0,vendor_B
2026-02-01T0060,P08,-0.6770,99.8448,0,0,vendor_B
2026-02-01T0060,P09,0.1602,99.8448,0,0,
2026-02-01T0060,P10,-0.7178,99.8448,0,0,
2026-02-01T0060,P11,1.1421,99.8448,0,0,
2026-02-01T0061,P00,-0.7816,99.6404,0,1,vendor_A
2026-02-01T0061,P01,-2.2725,99.6404,0,1,vendor_A
2026-02-01T0061,P02,-0.7310,99.6404,0,1,vendor_A
2026-02-01T0061,P03,-2.0085,99.6404,0,1,vendor_A
2026-02-01T0061,P04,-0.0399,99.6404,0,0,vendor_A
2026-02-01T0061,P05,1.0592,99.6404,0,0,vendor_B
2026-02-01T0061,P06,0.6478,99.6404,0,0,vendor_B
2026-02-01T0061,P07,-1.3376,99.6404,0,0,vendor_B
2026-02-01T0061,P08,-0.7623,99.6404,0,0,vendor_B
2026-02-01T0061,P09,1.7786,99.6404,0,0,
2026-02-01T0061,P10,0.3185,99.6404,0,0,
2026-02-01T0061,P11,0.0041,99.6404,0,0,
2026-02-01T0062,P00,1.0561,99.9293,0,1,vendor_A
2026-02-01T0062,P01,2.4527,99.9293,0,1,vendor_A
2026-02-01T0062,P02,1.2966,99.9293,0,1,vendor_A
2026-02-01T0062,P03,0.1394,99.9293,0,1,vendor_A
2026-02-01T0062,P04,0.3547,99.9293,0,0,vendor_A
2026-02-01T0062,P05,0.6171,99.9293,0,0,vendor_B
2026-02-01T0062,P06,-0.6127,99.9293,0,0,vendor_B
2026-02-01T0062,P07,-1.0587,99.9293,0,0,vendor_B
2026-02-01T0062,P08,0.0524,99.9293,0,0,vendor_B
2026-02-01T0062,P09,-0.9472,99.9293,0,0,
2026-02-01T0062,P10,-0.0615,99.9293,0,0,
2026-02-01T0062,P11,0.0961,99.9293,0,0,
2026-02-01T0063,P00,2.3410,99.2141,0,1,vendor_A
2026-02-01T0063,P01,-0.8510,99.2141,0,1,vendor_A
2026-02-01T0063,P02,-0.1218,99.2141,0,1,vendor_A
2026-02-01T0063,P03,-0.1643,99.2141,0,1,vendor_A
2026-02-01T0063,P04,0.4373,99.2141,0,0,vendor_A
2026-02-01T0063,P05,1.0467,99.2141,0,0,vendor_B
2026-02-01T0063,P06,-0.4905,99.2141,0,0,vendor_B
2026-02-01T0063,P07,-0.8214,99.2141,0,0,vendor_B
2026-02-01T0063,P08,-1.6407,99.2141,0,0,vendor_B
2026-02-01T0063,P09,-0.9262,99.2141,0,0,
2026-02-01T0063,P10,0.5364,99.2141,0,0,
2026-02-01T0063,P11,0.0456,99.2141,0,0,
2026-02-01T0064,P00,-1.0154,99.2474,0,1,vendor_A
2026-02-01T0064,P01,-0.3728,99.2474,0,1,vendor_A
2026-02-01T0064,P02,0.0315,99.2474,0,1,vendor_A
2026-02-01T0064,P03,0.5037,99.2474,0,1,vendor_A
2026-02-01T0064,P04,-0.5934,99.2474,0,0,vendor_A
2026-02-01T0064,P05,-0.2504,99.2474,0,0,vendor_B
2026-02-01T0064,P06,-1.8184,99.2474,0,0,vendor_B
2026-02-01T0064,P07,-1.1514,99.2474,0,0,vendor_B
2026-02-01T0064,P08,1.6177,99.2474,0,0,vendor_B
2026-02-01T0064,P09,-2.1881,99.2474,0,0,
2026-02-01T0064,P10,-0.3378,99.2474,0,0,
2026-02-01T0064,P11,0.2192,99.2474,0,0,
2026-02-01T0065,P00,-0.3743,99.2396,0,1,vendor_A
2026-02-01T0065,P01,-0.8082,99.2396,0,1,vendor_A
2026-02-01T0065,P02,-0.0611,99.2396,0,1,vendor_A
2026-02-01T0065,P03,-0.0050,99.2396,0,1,vendor_A
2026-02-01T0065,P04,-0.0821,99.2396,0,0,vendor_A
2026-02-01T0065,P05,-1.8777,99.2396,0,0,vendor_B
2026-02-01T0065,P06,-0.1474,99.2396,0,0,vendor_B
2026-02-01T0065,P07,-0.8551,99.2396,0,0,vendor_B
2026-02-01T0065,P08,-0.5477,99.2396,0,0,vendor_B
2026-02-01T0065,P09,0.2270,99.2396,0,0,
2026-02-01T0065,P10,0.6407,99.2396,0,0,
2026-02-01T0065,P11,0.8968,99.2396,0,0,
2026-02-01T0066,P00,-0.4964,98.7828,0,1,vendor_A
2026-02-01T0066,P01,0.9240,98.7828,0,1,vendor_A
2026-02-01T0066,P02,1.1737,98.7828,0,1,vendor_A
2026-02-01T0066,P03,1.1366,98.7828,0,1,vendor_A
2026-02-01T0066,P04,1.3898,98.7828,0,0,vendor_A
2026-02-01T0066,P05,-0.1457,98.7828,0,0,vendor_B
2026-02-01T0066,P06,-0.1741,98.7828,0,0,vendor_B
2026-02-01T0066,P07,0.8251,98.7828,0,0,vendor_B
2026-02-01T0066,P08,-1.3665,98.7828,0,0,vendor_B
2026-02-01T0066,P09,0.2094,98.7828,0,0,
2026-02-01T0066,P10,-0.5306,98.7828,0,0,
2026-02-01T0066,P11,-0.3688,98.7828,0,0,
2026-02-01T0067,P00,-1.7415,100.0542,0,1,vendor_A
2026-02-01T0067,P01,-0.8905,100.0542,0,1,vendor_A
2026-02-01T0067,P02,-0.0205,100.0542,0,1,vendor_A
2026-02-01T0067,P03,0.8885,100.0542,0,1,vendor_A
2026-02-01T0067,P04,0.9900,100.0542,0,0,vendor_A
2026-02-01T0067,P05,-0.0803,100.0542,0,0,vendor_B
2026-02-01T0067,P06,-0.1893,100.0542,0,0,vendor_B
2026-02-01T0067,P07,-0.8307,100.0542,0,0,vendor_B
2026-02-01T0067,P08,0.4024,100.0542,0,0,vendor_B
2026-02-01T0067,P09,-0.2476,100.0542,0,0,
2026-02-01T0067,P10,0.6059,100.0542,0,0,
2026-02-01T0067,P11,1.7517,100.0542,0,0,
2026-02-01T0068,P00,-0.0324,99.3051,0,1,vendor_A
2026-02-01T0068,P01,-1.4974,99.3051,0,1,vendor_A
2026-02-01T0068,P02,-0.8609,99.3051,0,1,vendor_A
2026-02-01T0068,P03,-1.4581,99.3051,0,1,vendor_A
2026-02-01T0068,P04,-1.1971,99.3051,0,0,vendor_A
2026-02-01T0068,P05,1.3053,99.3051,0,0,vendor_B
2026-02-01T0068,P06,0.2267,99.3051,0,0,vendor_B
2026-02-01T0068,P07,-1.5202,99.3051,0,0,vendor_B
2026-02-01T0068,P08,0.6536,99.3051,0,0,vendor_B
2026-02-01T0068,P09,1.2604,99.3051,0,0,
2026-02-01T0068,P10,-0.3599,99.3051,0,0,
2026-02-01T0068,P11,-0.6760,99.3051,0,0,
2026-02-01T0069,P00,-0.3374,98.9060,0,1,vendor_A
2026-02-01T0069,P01,0.2846,98.9060,0,1,vendor_A
2026-02-01T0069,P02,0.6400,98.9060,0,1,vendor_A
2026-02-01T0069,P03,1.1822,98.9060,0,1,vendor_A
2026-02-01T0069,P04,1.2125,98.9060,0,0,vendor_A
2026-02-01T0069,P05,1.1854,98.9060,0,0,vendor_B
2026-02-01T0069,P06,1.3619,98.9060,0,0,vendor_B
2026-02-01T0069,P07,0.6614,98.9060,0,0,vendor_B
2026-02-01T0069,P08,-1.5309,98.9060,0,0,vendor_B
2026-02-01T0069,P09,-0.1310,98.9060,0,0,
2026-02-01T0069,P10,0.3139,98.9060,0,0,
2026-02-01T0069,P11,-0.3831,98.9060,0,0,
2026-02-01T0070,P00,0.9113,99.0630,0,1,vendor_A
2026-02-01T0070,P01,-0.3602,99.0630,0,1,vendor_A
2026-02-01T0070,P02,-0.9257,99.0630,0,1,vendor_A
2026-02-01T0070,P03,1.4443,99.0630,0,1,vendor_A
2026-02-01T0070,P04,0.6660,99.0630,0,0,vendor_A
2026-02-01T0070,P05,0.2193,99.0630,0,0,vendor_B
2026-02-01T0070,P06,0.9267,99.0630,0,0,vendor_B
2026-02-01T0070,P07,1.0625,99.0630,0,0,vendor_B
2026-02-01T0070,P08,0.3410,99.0630,0,0,vendor_B
2026-02-01T0070,P09,-2.4577,99.0630,0,0,
2026-02-01T0070,P10,-0.6756,99.0630,0,0,
2026-02-01T0070,P11,-0.4566,99.0630,0,0,
2026-02-01T0071,P00,-0.9842,97.8860,0,1,vendor_A
2026-02-01T0071,P01,0.1987,97.8860,0,1,vendor_A
2026-02-01T0071,P02,1.1922,97.8860,0,1,vendor_A
2026-02-01T0071,P03,-0.4849,97.8860,0,1,vendor_A
2026-02-01T0071,P04,-1.1348,97.8860,0,0,vendor_A
2026-02-01T0071,P05,2.0280,97.8860,0,0,vendor_B
2026-02-01T0071,P06,-0.4514,97.8860,0,0,vendor_B
2026-02-01T0071,P07,-1.2330,97.8860,0,0,vendor_B
2026-02-01T0071,P08,0.2377,97.8860,0,0,vendor_B
2026-02-01T0071,P09,0.4257,97.8860,0,0,
2026-02-01T0071,P10,-0.7051,97.8860,0,0,
2026-02-01T0071,P11,0.7905,97.8860,0,0,
2026-02-01T0072,P00,-0.4873,97.4727,0,1,vendor_A
2026-02-01T0072,P01,-0.9230,97.4727,0,1,vendor_A
2026-02-01T0072,P02,0.1786,97.4727,0,1,vendor_A
2026-02-01T0072,P03,0.7708,97.4727,0,1,vendor_A
2026-02-01T0072,P04,-0.6339,97.4727,0,0,vendor_A
2026-02-01T0072,P05,0.3306,97.4727,0,0,vendor_B
2026-02-01T0072,P06,-0.0935,97.4727,0,0,vendor_B
2026-02-01T0072,P07,2.8244,97.4727,0,0,vendor_B
2026-02-01T0072,P08,-0.7086,97.4727,0,0,vendor_B
2026-02-01T0072,P09,1.3842,97.4727,0,0,
2026-02-01T0072,P10,-0.0523,97.4727,0,0,
2026-02-01T0072,P11,-0.1268,97.4727,0,0,
2026-02-01T0073,P00,0.7217,96.8001,0,1,vendor_A
2026-02-01T0073,P01,0.8940,96.8001,0,1,vendor_A
2026-02-01T0073,P02,1.2670,96.8001,0,1,vendor_A
2026-02-01T0073,P03,0.3287,96.8001,0,1,vendor_A
2026-02-01T0073,P04,-0.6004,96.8001,0,0,vendor_A
2026-02-01T0073,P05,-0.5376,96.8001,0,0,vendor_B
2026-02-01T0073,P06,0.5097,96.8001,0,0,vendor_B
2026-02-01T0073,P07,0.5809,96.8001,0,0,vendor_B
2026-02-01T0073,P08,1.3981,96.8001,0,0,vendor_B
2026-02-01T0073,P09,0.4184,96.8001,0,0,
2026-02-01T0073,P10,1.0602,96.8001,0,0,
2026-02-01T0073,P11,1.5168,96.8001,0,0,
2026-02-01T0074,P00,0.1648,96.2445,0,1,vendor_A
2026-02-01T0074,P01,-1.4856,96.2445,0,1,vendor_A
2026-02-01T0074,P02,-1.1793,96.2445,0,1,vendor_A
2026-02-01T0074,P03,-1.4378,96.2445,0,1,vendor_A
2026-02-01T0074,P04,1.5916,96.2445,0,0,vendor_A
2026-02-01T0074,P05,-0.8474,96.2445,0,0,vendor_B
2026-02-01T0074,P06,1.2318,96.2445,0,0,vendor_B
2026-02-01T0074,P07,0.5857,96.2445,0,0,vendor_B
2026-02-01T0074,P08,1.7153,96.2445,0,0,vendor_B
2026-02-01T0074,P09,1.0031,96.2445,0,0,
2026-02-01T0074,P10,-0.1024,96.2445,0,0,
2026-02-01T0074,P11,-0.2000,96.2445,0,0,
2026-02-01T0075,P00,0.0852,96.1600,0,1,vendor_A
2026-02-01T0075,P01,0.1753,96.1600,0,1,vendor_A
2026-02-01T0075,P02,-0.5307,96.1600,0,1,vendor_A
2026-02-01T0075,P03,-0.0326,96.1600,0,1,vendor_A
2026-02-01T0075,P04,1.6093,96.1600,0,0,vendor_A
2026-02-01T0075,P05,-1.7021,96.1600,0,0,vendor_B
2026-02-01T0075,P06,0.2585,96.1600,0,0,vendor_B
2026-02-01T0075,P07,-0.9070,96.1600,0,0,vendor_B
2026-02-01T0075,P08,0.1870,96.1600,0,0,vendor_B
2026-02-01T0075,P09,0.8399,96.1600,0,0,
2026-02-01T0075,P10,-0.0576,96.1600,0,0,
2026-02-01T0075,P11,0.7730,96.1600,0,0,
2026-02-01T0076,P00,-1.5898,96.2265,0,1,vendor_A
2026-02-01T0076,P01,1.1070,96.2265,0,1,vendor_A
2026-02-01T0076,P02,-0.6031,96.2265,0,1,vendor_A
2026-02-01T0076,P03,0.6224,96.2265,0,1,vendor_A
2026-02-01T0076,P04,0.1824,96.2265,0,0,vendor_A
2026-02-01T0076,P05,-2.5856,96.2265,0,0,vendor_B
2026-02-01T0076,P06,-0.7561,96.2265,0,0,vendor_B
2026-02-01T0076,P07,0.2205,96.2265,0,0,vendor_B
2026-02-01T0076,P08,1.5540,96.2265,0,0,vendor_B
2026-02-01T0076,P09,0.2873,96.2265,0,0,
2026-02-01T0076,P10,0.2577,96.2265,0,0,
2026-02-01T0076,P11,-1.4127,96.2265,0,0,
2026-02-01T0077,P00,1.4311,97.0888,0,1,vendor_A
2026-02-01T0077,P01,1.8071,97.0888,0,1,vendor_A
2026-02-01T0077,P02,0.0286,97.0888,0,1,vendor_A
2026-02-01T0077,P03,-0.2198,97.0888,0,1,vendor_A
2026-02-01T0077,P04,-1.6190,97.0888,0,0,vendor_A
2026-02-01T0077,P05,0.8833,97.0888,0,0,vendor_B
2026-02-01T0077,P06,2.7023,97.0888,0,0,vendor_B
2026-02-01T0077,P07,0.7171,97.0888,0,0,vendor_B
2026-02-01T0077,P08,1.2637,97.0888,0,0,vendor_B
2026-02-01T0077,P09,0.5421,97.0888,0,0,
2026-02-01T0077,P10,-0.9850,97.0888,0,0,
2026-02-01T0077,P11,1.3367,97.0888,0,0,
2026-02-01T0078,P00,-1.2346,97.3731,0,1,vendor_A
2026-02-01T0078,P01,-0.2107,97.3731,0,1,vendor_A
2026-02-01T0078,P02,0.2789,97.3731,0,1,vendor_A
2026-02-01T0078,P03,0.8829,97.3731,0,1,vendor_A
2026-02-01T0078,P04,0.4160,97.3731,0,0,vendor_A
2026-02-01T0078,P05,0.3868,97.3731,0,0,vendor_B
2026-02-01T0078,P06,-0.7615,97.3731,0,0,vendor_B
2026-02-01T0078,P07,-1.2894,97.3731,0,0,vendor_B
2026-02-01T0078,P08,0.0615,97.3731,0,0,vendor_B
2026-02-01T0078,P09,-0.7102,97.3731,0,0,
2026-02-01T0078,P10,-1.3078,97.3731,0,0,
2026-02-01T0078,P11,-1.2659,97.3731,0,0,
2026-02-01T0079,P00,-0.4901,97.8869,0,1,vendor_A
2026-02-01T0079,P01,-1.8526,97.8869,0,1,vendor_A
2026-02-01T0079,P02,-1.3475,97.8869,0,1,vendor_A
2026-02-01T0079,P03,-1.6351,97.8869,0,1,vendor_A
2026-02-01T0079,P04,0.1823,97.8869,0,0,vendor_A
2026-02-01T0079,P05,0.4080,97.8869,0,0,vendor_B
2026-02-01T0079,P06,2.0071,97.8869,0,0,vendor_B
2026-02-01T0079,P07,-1.4975,97.8869,0,0,vendor_B
2026-02-01T0079,P08,-0.6796,97.8869,0,0,vendor_B
2026-02-01T0079,P09,0.9126,97.8869,0,0,
2026-02-01T0079,P10,-0.2168,97.8869,0,0,
2026-02-01T0079,P11,-0.3270,97.8869,0,0,
2026-02-01T0080,P00,1.7092,98.1444,0,1,vendor_A
2026-02-01T0080,P01,-0.3384,98.1444,0,1,vendor_A
2026-02-01T0080,P02,-1.1562,98.1444,0,1,vendor_A
2026-02-01T0080,P03,-1.3169,98.1444,0,1,vendor_A
2026-02-01T0080,P04,0.3357,98.1444,0,0,vendor_A
2026-02-01T0080,P05,0.3052,98.1444,0,0,vendor_B
2026-02-01T0080,P06,-1.3717,98.1444,0,0,vendor_B
2026-02-01T0080,P07,-0.9854,98.1444,0,0,vendor_B
2026-02-01T0080,P08,0.5347,98.1444,0,0,vendor_B
2026-02-01T0080,P09,0.5773,98.1444,0,0,
2026-02-01T0080,P10,-0.6432,98.1444,0,0,
2026-02-01T0080,P11,0.6222,98.1444,0,0,
2026-02-01T0081,P00,0.5719,97.7574,0,1,vendor_A
2026-02-01T0081,P01,-1.7831,97.7574,0,1,vendor_A
2026-02-01T0081,P02,-0.3121,97.7574,0,1,vendor_A
2026-02-01T0081,P03,0.4151,97.7574,0,1,vendor_A
2026-02-01T0081,P04,-0.5731,97.7574,0,0,vendor_A
2026-02-01T0081,P05,-2.1389,97.7574,0,0,vendor_B
2026-02-01T0081,P06,-0.2830,97.7574,0,0,vendor_B
2026-02-01T0081,P07,0.7521,97.7574,0,0,vendor_B
2026-02-01T0081,P08,1.5804,97.7574,0,0,vendor_B
2026-02-01T0081,P09,-2.1908,97.7574,0,0,
2026-02-01T0081,P10,2.6133,97.7574,0,0,
2026-02-01T0081,P11,-1.1271,97.7574,0,0,
2026-02-01T0082,P00,0.9570,98.5120,0,1,vendor_A
2026-02-01T0082,P01,1.2342,98.5120,0,1,vendor_A
2026-02-01T0082,P02,0.9830,98.5120,0,1,vendor_A
2026-02-01T0082,P03,0.1496,98.5120,0,1,vendor_A
2026-02-01T0082,P04,-1.1614,98.5120,0,0,vendor_A
2026-02-01T0082,P05,0.6266,98.5120,0,0,vendor_B
2026-02-01T0082,P06,-0.7152,98.5120,0,0,vendor_B
2026-02-01T0082,P07,-2.5227,98.5120,0,0,vendor_B
2026-02-01T0082,P08,2.8289,98.5120,0,0,vendor_B
2026-02-01T0082,P09,0.7081,98.5120,0,0,
2026-02-01T0082,P10,1.8181,98.5120,0,0,
2026-02-01T0082,P11,-0.9116,98.5120,0,0,
2026-02-01T0083,P00,1.4675,98.1316,0,1,vendor_A
2026-02-01T0083,P01,1.5899,98.1316,0,1,vendor_A
2026-02-01T0083,P02,1.5545,98.1316,0,1,vendor_A
2026-02-01T0083,P03,-0.0212,98.1316,0,1,vendor_A
2026-02-01T0083,P04,-1.2025,98.1316,0,0,vendor_A
2026-02-01T0083,P05,-0.1773,98.1316,0,0,vendor_B
2026-02-01T0083,P06,-2.2028,98.1316,0,0,vendor_B
2026-02-01T0083,P07,-1.7020,98.1316,0,0,vendor_B
2026-02-01T0083,P08,0.0919,98.1316,0,0,vendor_B
2026-02-01T0083,P09,-0.9914,98.1316,0,0,
2026-02-01T0083,P10,-0.1644,98.1316,0,0,
2026-02-01T0083,P11,-0.1090,98.1316,0,0,
2026-02-01T0084,P00,1.9307,97.8406,0,1,vendor_A
2026-02-01T0084,P01,1.2976,97.8406,0,1,vendor_A
2026-02-01T0084,P02,-0.0449,97.8406,0,1,vendor_A
2026-02-01T0084,P03,1.2089,97.8406,0,1,vendor_A
2026-02-01T0084,P04,-0.7797,97.8406,0,0,vendor_A
2026-02-01T0084,P05,-0.3369,97.8406,0,0,vendor_B
2026-02-01T0084,P06,0.9102,97.8406,0,0,vendor_B
2026-02-01T0084,P07,-1.2417,97.8406,0,0,vendor_B
2026-02-01T0084,P08,-0.2790,97.8406,0,0,vendor_B
2026-02-01T0084,P09,-1.3208,97.8406,0,0,
2026-02-01T0084,P10,0.1175,97.8406,0,0,
2026-02-01T0084,P11,1.6325,97.8406,0,0,
2026-02-01T0085,P00,-0.7521,98.7401,0,1,vendor_A
2026-02-01T0085,P01,0.2259,98.7401,0,1,vendor_A
2026-02-01T0085,P02,-0.8973,98.7401,0,1,vendor_A
2026-02-01T0085,P03,-1.1495,98.7401,0,1,vendor_A
2026-02-01T0085,P04,-1.2358,98.7401,0,0,vendor_A
2026-02-01T0085,P05,1.4548,98.7401,0,0,vendor_B
2026-02-01T0085,P06,2.3624,98.7401,0,0,vendor_B
2026-02-01T0085,P07,0.4830,98.7401,0,0,vendor_B
2026-02-01T0085,P08,-0.7163,98.7401,0,0,vendor_B
2026-02-01T0085,P09,0.7049,98.7401,0,0,
2026-02-01T0085,P10,-0.3343,98.7401,0,0,
2026-02-01T0085,P11,0.8014,98.7401,0,0,
2026-02-01T0086,P00,0.2910,99.0449,0,1,vendor_A
2026-02-01T0086,P01,0.2797,99.0449,0,1,vendor_A
2026-02-01T0086,P02,0.6073,99.0449,0,1,vendor_A
2026-02-01T0086,P03,-0.5795,99.0449,0,1,vendor_A
2026-02-01T0086,P04,-0.4044,99.0449,0,0,vendor_A
2026-02-01T0086,P05,-1.7212,99.0449,0,0,vendor_B
2026-02-01T0086,P06,-0.4419,99.0449,0,0,vendor_B
2026-02-01T0086,P07,-1.4223,99.0449,0,0,vendor_B
2026-02-01T0086,P08,-0.1447,99.0449,0,0,vendor_B
2026-02-01T0086,P09,-0.9576,99.0449,0,0,
2026-02-01T0086,P10,0.1012,99.0449,0,0,
2026-02-01T0086,P11,0.4532,99.0449,0,0,
2026-02-01T0087,P00,-1.4201,99.0700,0,1,vendor_A
2026-02-01T0087,P01,-0.8133,99.0700,0,1,vendor_A
2026-02-01T0087,P02,-0.9433,99.0700,0,1,vendor_A
2026-02-01T0087,P03,0.7465,99.0700,0,1,vendor_A
2026-02-01T0087,P04,1.7064,99.0700,0,0,vendor_A
2026-02-01T0087,P05,0.8515,99.0700,0,0,vendor_B
2026-02-01T0087,P06,-0.3494,99.0700,0,0,vendor_B
2026-02-01T0087,P07,1.4650,99.0700,0,0,vendor_B
2026-02-01T0087,P08,-1.5141,99.0700,0,0,vendor_B
2026-02-01T0087,P09,1.4994,99.0700,0,0,
2026-02-01T0087,P10,-0.6562,99.0700,0,0,
2026-02-01T0087,P11,-2.7803,99.0700,0,0,
2026-02-01T0088,P00,2.6508,99.5864,0,1,vendor_A
2026-02-01T0088,P01,1.5780,99.5864,0,1,vendor_A
2026-02-01T0088,P02,-1.0319,99.5864,0,1,vendor_A
2026-02-01T0088,P03,0.1690,99.5864,0,1,vendor_A
2026-02-01T0088,P04,-0.2145,99.5864,0,0,vendor_A
2026-02-01T0088,P05,0.1022,99.5864,0,0,vendor_B
2026-02-01T0088,P06,-1.4833,99.5864,0,0,vendor_B
2026-02-01T0088,P07,-0.6815,99.5864,0,0,vendor_B
2026-02-01T0088,P08,0.4680,99.5864,0,0,vendor_B
2026-02-01T0088,P09,0.2227,99.5864,0,0,
2026-02-01T0088,P10,1.1992,99.5864,0,0,
2026-02-01T0088,P11,0.0798,99.5864,0,0,
2026-02-01T0089,P00,2.3492,100.0017,0,1,vendor_A
2026-02-01T0089,P01,-0.7157,100.0017,0,1,vendor_A
2026-02-01T0089,P02,0.2593,100.0017,0,1,vendor_A
2026-02-01T0089,P03,-1.9163,100.0017,0,1,vendor_A
2026-02-01T0089,P04,-1.2531,100.0017,0,0,vendor_A
2026-02-01T0089,P05,1.3285,100.0017,0,0,vendor_B
2026-02-01T0089,P06,-0.9428,100.0017,0,0,vendor_B
2026-02-01T0089,P07,0.5307,100.0017,0,0,vendor_B
2026-02-01T0089,P08,-0.0618,100.0017,0,0,vendor_B
2026-02-01T0089,P09,-1.0445,100.0017,0,0,
2026-02-01T0089,P10,-0.3482,100.0017,0,0,
2026-02-01T0089,P11,-0.5142,100.0017,0,0,
2026-02-01T0090,P00,-0.4874,99.2863,0,1,vendor_A
2026-02-01T0090,P01,0.7536,99.2863,0,1,vendor_A
2026-02-01T0090,P02,0.6523,99.2863,0,1,vendor_A
2026-02-01T0090,P03,-0.5774,99.2863,0,1,vendor_A
2026-02-01T0090,P04,-0.9071,99.2863,0,0,vendor_A
2026-02-01T0090,P05,0.2823,99.2863,0,0,vendor_B
2026-02-01T0090,P06,-0.1000,99.2863,0,0,vendor_B
2026-02-01T0090,P07,1.0283,99.2863,0,0,vendor_B
2026-02-01T0090,P08,2.6553,99.2863,0,0,vendor_B
2026-02-01T0090,P09,0.8429,99.2863,0,0,
2026-02-01T0090,P10,-0.0347,99.2863,0,0,
2026-02-01T0090,P11,-0.1720,99.2863,0,0,
2026-02-01T0091,P00,-0.8567,99.1741,0,1,vendor_A
2026-02-01T0091,P01,-0.9067,99.1741,0,1,vendor_A
2026-02-01T0091,P02,-1.0034,99.1741,0,1,vendor_A
2026-02-01T0091,P03,-0.3953,99.1741,0,1,vendor_A
2026-02-01T0091,P04,-0.4271,99.1741,0,0,vendor_A
2026-02-01T0091,P05,0.7437,99.1741,0,0,vendor_B
2026-02-01T0091,P06,-0.3990,99.1741,0,0,vendor_B
2026-02-01T0091,P07,-0.1974,99.1741,0,0,vendor_B
2026-02-01T0091,P08,-1.2183,99.1741,0,0,vendor_B
2026-02-01T0091,P09,1.6446,99.1741,0,0,
2026-02-01T0091,P10,0.5070,99.1741,0,0,
2026-02-01T0091,P11,1.7889,99.1741,0,0,
2026-02-01T0092,P00,0.7969,98.7363,0,1,vendor_A
2026-02-01T0092,P01,1.4896,98.7363,0,1,vendor_A
2026-02-01T0092,P02,-0.2485,98.7363,0,1,vendor_A
2026-02-01T0092,P03,0.7172,98.7363,0,1,vendor_A
2026-02-01T0092,P04,2.7055,98.7363,0,0,vendor_A
2026-02-01T0092,P05,-1.2235,98.7363,0,0,vendor_B
2026-02-01T0092,P06,1.1763,98.7363,0,0,vendor_B
2026-02-01T0092,P07,1.6979,98.7363,0,0,vendor_B
2026-02-01T0092,P08,0.4211,98.7363,0,0,vendor_B
2026-02-01T0092,P09,0.7652,98.7363,0,0,
2026-02-01T0092,P10,1.2796,98.7363,0,0,
2026-02-01T0092,P11,-0.6703,98.7363,0,0,
2026-02-01T0093,P00,0.4174,98.8027,0,1,vendor_A
2026-02-01T0093,P01,-0.8880,98.8027,0,1,vendor_A
2026-02-01T0093,P02,-0.6912,98.8027,0,1,vendor_A
2026-02-01T0093,P03,-0.6316,98.8027,0,1,vendor_A
2026-02-01T0093,P04,-0.1463,98.8027,0,0,vendor_A
2026-02-01T0093,P05,0.1498,98.8027,0,0,vendor_B
2026-02-01T0093,P06,0.4630,98.8027,0,0,vendor_B
2026-02-01T0093,P07,-1.4509,98.8027,0,0,vendor_B
2026-02-01T0093,P08,2.0268,98.8027,0,0,vendor_B
2026-02-01T0093,P09,1.1835,98.8027,0,0,
2026-02-01T0093,P10,0.7436,98.8027,0,0,
2026-02-01T0093,P11,-0.3665,98.8027,0,0,
2026-02-01T0094,P00,-0.0913,98.4559,0,1,vendor_A
2026-02-01T0094,P01,0.5612,98.4559,0,1,vendor_A
2026-02-01T0094,P02,0.4214,98.4559,0,1,vendor_A
2026-02-01T0094,P03,-1.7211,98.4559,0,1,vendor_A
2026-02-01T0094,P04,0.7593,98.4559,0,0,vendor_A
2026-02-01T0094,P05,2.9882,98.4559,0,0,vendor_B
2026-02-01T0094,P06,-1.8933,98.4559,0,0,vendor_B
2026-02-01T0094,P07,1.0197,98.4559,0,0,vendor_B
2026-02-01T0094,P08,0.3785,98.4559,0,0,vendor_B
2026-02-01T0094,P09,-0.1144,98.4559,0,0,
2026-02-01T0094,P10,1.4070,98.4559,0,0,
2026-02-01T0094,P11,-1.2136,98.4559,0,0,
2026-02-01T0095,P00,0.1671,99.2791,0,1,vendor_A
2026-02-01T0095,P01,1.5020,99.2791,0,1,vendor_A
2026-02-01T0095,P02,-0.2021,99.2791,0,1,vendor_A
2026-02-01T0095,P03,-0.4293,99.2791,0,1,vendor_A
2026-02-01T0095,P04,0.1180,99.2791,0,0,vendor_A
2026-02-01T0095,P05,-0.4568,99.2791,0,0,vendor_B
2026-02-01T0095,P06,1.5892,99.2791,0,0,vendor_B
2026-02-01T0095,P07,-0.9318,99.2791,0,0,vendor_B
2026-02-01T0095,P08,0.8969,99.2791,0,0,vendor_B
2026-02-01T0095,P09,-1.2867,99.2791,0,0,
2026-02-01T0095,P10,0.6876,99.2791,0,0,
2026-02-01T0095,P11,-0.1078,99.2791,0,0,
2026-02-01T0096,P00,-2.6552,99.4802,0,1,vendor_A
2026-02-01T0096,P01,-0.0061,99.4802,0,1,vendor_A
2026-02-01T0096,P02,-1.0968,99.4802,0,1,vendor_A
2026-02-01T0096,P03,-0.4568,99.4802,0,1,vendor_A
2026-02-01T0096,P04,1.5816,99.4802,0,0,vendor_A
2026-02-01T0096,P05,-1.1486,99.4802,0,0,vendor_B
2026-02-01T0096,P06,-1.0900,99.4802,0,0,vendor_B
2026-02-01T0096,P07,1.4809,99.4802,0,0,vendor_B
2026-02-01T0096,P08,0.1192,99.4802,0,0,vendor_B
2026-02-01T0096,P09,1.5847,99.4802,0,0,
2026-02-01T0096,P10,0.3326,99.4802,0,0,
2026-02-01T0096,P11,-0.9071,99.4802,0,0,
2026-02-01T0097,P00,-0.0682,99.0501,0,1,vendor_A
2026-02-01T0097,P01,1.2641,99.0501,0,1,vendor_A
2026-02-01T0097,P02,0.9675,99.0501,0,1,vendor_A
2026-02-01T0097,P03,0.0009,99.0501,0,1,vendor_A
2026-02-01T0097,P04,0.0501,99.0501,0,0,vendor_A
2026-02-01T0097,P05,-0.1157,99.0501,0,0,vendor_B
2026-02-01T0097,P06,-0.5947,99.0501,0,0,vendor_B
2026-02-01T0097,P07,1.9859,99.0501,0,0,vendor_B
2026-02-01T0097,P08,0.0074,99.0501,0,0,vendor_B
2026-02-01T0097,P09,-1.1629,99.0501,0,0,
2026-02-01T0097,P10,-0.4904,99.0501,0,0,
2026-02-01T0097,P11,0.7468,99.0501,0,0,
2026-02-01T0098,P00,0.6596,98.9883,0,1,vendor_A
2026-02-01T0098,P01,-0.1410,98.9883,0,1,vendor_A
2026-02-01T0098,P02,-0.6873,98.9883,0,1,vendor_A
2026-02-01T0098,P03,0.0246,98.9883,0,1,vendor_A
2026-02-01T0098,P04,-1.7207,98.9883,0,0,vendor_A
2026-02-01T0098,P05,-1.3384,98.9883,0,0,vendor_B
2026-02-01T0098,P06,0.8214,98.9883,0,0,vendor_B
2026-02-01T0098,P07,-0.4928,98.9883,0,0,vendor_B
2026-02-01T0098,P08,0.3855,98.9883,0,0,vendor_B
2026-02-01T0098,P09,1.2526,98.9883,0,0,
2026-02-01T0098,P10,0.6679,98.9883,0,0,
2026-02-01T0098,P11,0.0212,98.9883,0,0,
2026-02-01T0099,P00,2.1880,98.2320,0,1,vendor_A
2026-02-01T0099,P01,0.6865,98.2320,0,1,vendor_A
2026-02-01T0099,P02,-0.3645,98.2320,0,1,vendor_A
2026-02-01T0099,P03,0.7527,98.2320,0,1,vendor_A
2026-02-01T0099,P04,0.4193,98.2320,0,0,vendor_A
2026-02-01T0099,P05,-0.8800,98.2320,0,0,vendor_B
2026-02-01T0099,P06,0.0750,98.2320,0,0,vendor_B
2026-02-01T0099,P07,-0.1696,98.2320,0,0,vendor_B
2026-02-01T0099,P08,-2.0216,98.2320,0,0,vendor_B
2026-02-01T0099,P09,-0.1773,98.2320,0,0,
2026-02-01T0099,P10,-0.2911,98.2320,0,0,
2026-02-01T0099,P11,-0.4506,98.2320,0,0,
2026-02-01T0100,P00,-1.6911,98.1323,0,1,vendor_A
2026-02-01T0100,P01,-0.3647,98.1323,0,1,vendor_A
2026-02-01T0100,P02,-0.0408,98.1323,0,1,vendor_A
2026-02-01T0100,P03,0.1048,98.1323,0,1,vendor_A
2026-02-01T0100,P04,-1.1674,98.1323,0,0,vendor_A
2026-02-01T0100,P05,0.6502,98.1323,0,0,vendor_B
2026-02-01T0100,P06,-1.2497,98.1323,0,0,vendor_B
2026-02-01T0100,P07,-0.2300,98.1323,0,0,vendor_B
2026-02-01T0100,P08,1.3417,98.1323,0,0,vendor_B
2026-02-01T0100,P09,-0.7118,98.1323,0,0,
2026-02-01T0100,P10,-0.5250,98.1323,0,0,
2026-02-01T0100,P11,1.1034,98.1323,0,0,
2026-02-01T0101,P00,-0.3947,98.1924,0,1,vendor_A
2026-02-01T0101,P01,-0.3053,98.1924,0,1,vendor_A
2026-02-01T0101,P02,0.2274,98.1924,0,1,vendor_A
2026-02-01T0101,P03,1.0784,98.1924,0,1,vendor_A
2026-02-01T0101,P04,-2.2646,98.1924,0,0,vendor_A
2026-02-01T0101,P05,-0.8512,98.1924,0,0,vendor_B
2026-02-01T0101,P06,-1.0349,98.1924,0,0,vendor_B
2026-02-01T0101,P07,-1.1144,98.1924,0,0,vendor_B
2026-02-01T0101,P08,-0.8778,98.1924,0,0,vendor_B
2026-02-01T0101,P09,-0.8615,98.1924,0,0,
2026-02-01T0101,P10,0.3092,98.1924,0,0,
2026-02-01T0101,P11,-0.9121,98.1924,0,0,
2026-02-01T0102,P00,0.1256,98.3342,0,1,vendor_A
2026-02-01T0102,P01,0.4114,98.3342,0,1,vendor_A
2026-02-01T0102,P02,-0.7481,98.3342,0,1,vendor_A
2026-02-01T0102,P03,0.1339,98.3342,0,1,vendor_A
2026-02-01T0102,P04,1.6775,98.3342,0,0,vendor_A
2026-02-01T0102,P05,0.3301,98.3342,0,0,vendor_B
2026-02-01T0102,P06,-0.6530,98.3342,0,0,vendor_B
2026-02-01T0102,P07,-0.0665,98.3342,0,0,vendor_B
2026-02-01T0102,P08,-0.9379,98.3342,0,0,vendor_B
2026-02-01T0102,P09,0.2771,98.3342,0,0,
2026-02-01T0102,P10,0.8824,98.3342,0,0,
2026-02-01T0102,P11,-0.8379,98.3342,0,0,
2026-02-01T0103,P00,-0.2139,97.1291,0,1,vendor_A
2026-02-01T0103,P01,1.1373,97.1291,0,1,vendor_A
2026-02-01T0103,P02,-0.5085,97.1291,0,1,vendor_A
2026-02-01T0103,P03,0.1921,97.1291,0,1,vendor_A
2026-02-01T0103,P04,-1.0461,97.1291,0,0,vendor_A
2026-02-01T0103,P05,-0.8368,97.1291,0,0,vendor_B
2026-02-01T0103,P06,-0.5235,97.1291,0,0,vendor_B
2026-02-01T0103,P07,2.1763,97.1291,0,0,vendor_B
2026-02-01T0103,P08,-0.4091,97.1291,0,0,vendor_B
2026-02-01T0103,P09,-0.5300,97.1291,0,0,
2026-02-01T0103,P10,-0.5632,97.1291,0,0,
2026-02-01T0103,P11,-0.1656,97.1291,0,0,
2026-02-01T0104,P00,0.6559,96.9472,0,1,vendor_A
2026-02-01T0104,P01,0.1895,96.9472,0,1,vendor_A
2026-02-01T0104,P02,2.0578,96.9472,0,1,vendor_A
2026-02-01T0104,P03,0.2138,96.9472,0,1,vendor_A
2026-02-01T0104,P04,1.4474,96.9472,0,0,vendor_A
2026-02-01T0104,P05,0.2767,96.9472,0,0,vendor_B
2026-02-01T0104,P06,0.6056,96.9472,0,0,vendor_B
2026-02-01T0104,P07,-1.4436,96.9472,0,0,vendor_B
2026-02-01T0104,P08,-0.1271,96.9472,0,0,vendor_B
2026-02-01T0104,P09,-0.0689,96.9472,0,0,
2026-02-01T0104,P10,-0.2430,96.9472,0,0,
2026-02-01T0104,P11,-2.1529,96.9472,0,0,
2026-02-01T0105,P00,0.8806,97.1221,0,1,vendor_A
2026-02-01T0105,P01,-0.3872,97.1221,0,1,vendor_A
2026-02-01T0105,P02,-0.4381,97.1221,0,1,vendor_A
2026-02-01T0105,P03,-0.2552,97.1221,0,1,vendor_A
2026-02-01T0105,P04,-0.2281,97.1221,0,0,vendor_A
2026-02-01T0105,P05,0.4071,97.1221,0,0,vendor_B
2026-02-01T0105,P06,-1.2710,97.1221,0,0,vendor_B
2026-02-01T0105,P07,-0.9310,97.1221,0,0,vendor_B
2026-02-01T0105,P08,0.2906,97.1221,0,0,vendor_B
2026-02-01T0105,P09,0.1456,97.1221,0,0,
2026-02-01T0105,P10,-0.3767,97.1221,0,0,
2026-02-01T0105,P11,-0.5739,97.1221,0,0,
2026-02-01T0106,P00,-0.8344,97.1714,0,1,vendor_A
2026-02-01T0106,P01,-0.0584,97.1714,0,1,vendor_A
2026-02-01T0106,P02,1.1807,97.1714,0,1,vendor_A
2026-02-01T0106,P03,-1.0581,97.1714,0,1,vendor_A
2026-02-01T0106,P04,1.5233,97.1714,0,0,vendor_A
2026-02-01T0106,P05,0.8440,97.1714,0,0,vendor_B
2026-02-01T0106,P06,-0.4530,97.1714,0,0,vendor_B
2026-02-01T0106,P07,0.7831,97.1714,0,0,vendor_B
2026-02-01T0106,P08,-1.4659,97.1714,0,0,vendor_B
2026-02-01T0106,P09,-1.7316,97.1714,0,0,
2026-02-01T0106,P10,-1.2898,97.1714,0,0,
2026-02-01T0106,P11,-0.4097,97.1714,0,0,
2026-02-01T0107,P00,-0.3254,97.5420,0,1,vendor_A
2026-02-01T0107,P01,-0.5151,97.5420,0,1,vendor_A
2026-02-01T0107,P02,0.0994,97.5420,0,1,vendor_A
2026-02-01T0107,P03,-2.1352,97.5420,0,1,vendor_A
2026-02-01T0107,P04,0.4953,97.5420,0,0,vendor_A
2026-02-01T0107,P05,-1.4193,97.5420,0,0,vendor_B
2026-02-01T0107,P06,-0.6609,97.5420,0,0,vendor_B
2026-02-01T0107,P07,-0.4129,97.5420,0,0,vendor_B
2026-02-01T0107,P08,-1.1562,97.5420,0,0,vendor_B
2026-02-01T0107,P09,-1.3710,97.5420,0,0,
2026-02-01T0107,P10,-1.0061,97.5420,0,0,
2026-02-01T0107,P11,-0.0119,97.5420,0,0,
2026-02-01T0108,P00,0.5900,96.7025,0,1,vendor_A
2026-02-01T0108,P01,0.5642,96.7025,0,1,vendor_A
2026-02-01T0108,P02,-0.9945,96.7025,0,1,vendor_A
2026-02-01T0108,P03,-0.7916,96.7025,0,1,vendor_A
2026-02-01T0108,P04,-0.9206,96.7025,0,0,vendor_A
2026-02-01T0108,P05,0.4498,96.7025,0,0,vendor_B
2026-02-01T0108,P06,-2.0374,96.7025,0,0,vendor_B
2026-02-01T0108,P07,1.2383,96.7025,0,0,vendor_B
2026-02-01T0108,P08,-0.4848,96.7025,0,0,vendor_B
2026-02-01T0108,P09,-0.7835,96.7025,0,0,
2026-02-01T0108,P10,0.3395,96.7025,0,0,
2026-02-01T0108,P11,1.0326,96.7025,0,0,
2026-02-01T0109,P00,0.3426,97.1409,0,1,vendor_A
2026-02-01T0109,P01,1.0527,97.1409,0,1,vendor_A
2026-02-01T0109,P02,0.1344,97.1409,0,1,vendor_A
2026-02-01T0109,P03,1.2296,97.1409,0,1,vendor_A
2026-02-01T0109,P04,1.2452,97.1409,0,0,vendor_A
2026-02-01T0109,P05,-0.0995,97.1409,0,0,vendor_B
2026-02-01T0109,P06,1.4392,97.1409,0,0,vendor_B
2026-02-01T0109,P07,0.1647,97.1409,0,0,vendor_B
2026-02-01T0109,P08,0.0869,97.1409,0,0,vendor_B
2026-02-01T0109,P09,-0.9215,97.1409,0,0,
2026-02-01T0109,P10,-0.2888,97.1409,0,0,
2026-02-01T0109,P11,0.7776,97.1409,0,0,
2026-02-01T0110,P00,-1.3126,96.5770,0,1,vendor_A
2026-02-01T0110,P01,0.6496,96.5770,0,1,vendor_A
2026-02-01T0110,P02,0.3486,96.5770,0,1,vendor_A
2026-02-01T0110,P03,0.2776,96.5770,0,1,vendor_A
2026-02-01T0110,P04,-2.2065,96.5770,0,0,vendor_A
2026-02-01T0110,P05,-0.1032,96.5770,0,0,vendor_B
2026-02-01T0110,P06,0.6483,96.5770,0,0,vendor_B
2026-02-01T0110,P07,-0.7630,96.5770,0,0,vendor_B
2026-02-01T0110,P08,0.0903,96.5770,0,0,vendor_B
2026-02-01T0110,P09,-2.3781,96.5770,0,0,
2026-02-01T0110,P10,0.6714,96.5770,0,0,
2026-02-01T0110,P11,-0.6624,96.5770,0,0,
2026-02-01T0111,P00,0.8714,96.5978,0,1,vendor_A
2026-02-01T0111,P01,-1.8428,96.5978,0,1,vendor_A
2026-02-01T0111,P02,0.6923,96.5978,0,1,vendor_A
2026-02-01T0111,P03,-0.2369,96.5978,0,1,vendor_A
2026-02-01T0111,P04,0.8076,96.5978,0,0,vendor_A
2026-02-01T0111,P05,-0.9257,96.5978,0,0,vendor_B
2026-02-01T0111,P06,-0.6185,96.5978,0,0,vendor_B
2026-02-01T0111,P07,2.2425,96.5978,0,0,vendor_B
2026-02-01T0111,P08,-0.8300,96.5978,0,0,vendor_B
2026-02-01T0111,P09,-0.7060,96.5978,0,0,
2026-02-01T0111,P10,-0.2766,96.5978,0,0,
2026-02-01T0111,P11,-1.0226,96.5978,0,0,
2026-02-01T0112,P00,1.1905,96.8293,0,1,vendor_A
2026-02-01T0112,P01,1.7250,96.8293,0,1,vendor_A
2026-02-01T0112,P02,-0.7041,96.8293,0,1,vendor_A
2026-02-01T0112,P03,-1.7260,96.8293,0,1,vendor_A
2026-02-01T0112,P04,1.1720,96.8293,0,0,vendor_A
2026-02-01T0112,P05,1.1084,96.8293,0,0,vendor_B
2026-02-01T0112,P06,0.8217,96.8293,0,0,vendor_B
2026-02-01T0112,P07,1.1565,96.8293,0,0,vendor_B
2026-02-01T0112,P08,-0.8675,96.8293,0,0,vendor_B
2026-02-01T0112,P09,-0.1685,96.8293,0,0,
2026-02-01T0112,P10,-1.3841,96.8293,0,0,
2026-02-01T0112,P11,-1.4182,96.8293,0,0,
2026-02-01T0113,P00,0.9811,97.3626,0,1,vendor_A
2026-02-01T0113,P01,-0.6719,97.3626,0,1,vendor_A
2026-02-01T0113,P02,2.2796,97.3626,0,1,vendor_A
2026-02-01T0113,P03,0.0742,97.3626,0,1,vendor_A
2026-02-01T0113,P04,-0.6404,97.3626,0,0,vendor_A
2026-02-01T0113,P05,0.7979,97.3626,0,0,vendor_B
2026-02-01T0113,P06,1.8013,97.3626,0,0,vendor_B
2026-02-01T0113,P07,0.4861,97.3626,0,0,vendor_B
2026-02-01T0113,P08,-1.2171,97.3626,0,0,vendor_B
2026-02-01T0113,P09,0.3710,97.3626,0,0,
2026-02-01T0113,P10,1.3756,97.3626,0,0,
2026-02-01T0113,P11,-0.4932,97.3626,0,0,
2026-02-01T0114,P00,-0.7736,96.9691,0,1,vendor_A
2026-02-01T0114,P01,1.0164,96.9691,0,1,vendor_A
2026-02-01T0114,P02,0.1400,96.9691,0,1,vendor_A
2026-02-01T0114,P03,-1.1025,96.9691,0,1,vendor_A
2026-02-01T0114,P04,-0.3797,96.9691,0,0,vendor_A
2026-02-01T0114,P05,-0.7557,96.9691,0,0,vendor_B
2026-02-01T0114,P06,0.2963,96.9691,0,0,vendor_B
2026-02-01T0114,P07,0.1097,96.9691,0,0,vendor_B
2026-02-01T0114,P08,1.1504,96.9691,0,0,vendor_B
2026-02-01T0114,P09,0.7097,96.9691,0,0,
2026-02-01T0114,P10,-1.5635,96.9691,0,0,
2026-02-01T0114,P11,0.4070,96.9691,0,0,
2026-02-01T0115,P00,0.8969,96.9525,0,1,vendor_A
2026-02-01T0115,P01,0.4559,96.9525,0,1,vendor_A
2026-02-01T0115,P02,1.0301,96.9525,0,1,vendor_A
2026-02-01T0115,P03,-0.5496,96.9525,0,1,vendor_A
2026-02-01T0115,P04,-0.9508,96.9525,0,0,vendor_A
2026-02-01T0115,P05,0.9301,96.9525,0,0,vendor_B
2026-02-01T0115,P06,-1.0655,96.9525,0,0,vendor_B
2026-02-01T0115,P07,-2.1595,96.9525,0,0,vendor_B
2026-02-01T0115,P08,1.0253,96.9525,0,0,vendor_B
2026-02-01T0115,P09,-0.7242,96.9525,0,0,
2026-02-01T0115,P10,-0.3061,96.9525,0,0,
2026-02-01T0115,P11,-1.3980,96.9525,0,0,
2026-02-01T0116,P00,-1.3255,96.0711,0,1,vendor_A
2026-02-01T0116,P01,-1.1566,96.0711,0,1,vendor_A
2026-02-01T0116,P02,-0.3606,96.0711,0,1,vendor_A
2026-02-01T0116,P03,0.3700,96.0711,0,1,vendor_A
2026-02-01T0116,P04,-2.2978,96.0711,0,0,vendor_A
2026-02-01T0116,P05,0.7522,96.0711,0,0,vendor_B
2026-02-01T0116,P06,-1.1820,96.0711,0,0,vendor_B
2026-02-01T0116,P07,-1.0663,96.0711,0,0,vendor_B
2026-02-01T0116,P08,0.6779,96.0711,0,0,vendor_B
2026-02-01T0116,P09,-0.0746,96.0711,0,0,
2026-02-01T0116,P10,-1.5364,96.0711,0,0,
2026-02-01T0116,P11,1.8446,96.0711,0,0,
2026-02-01T0117,P00,-0.8606,95.3251,0,1,vendor_A
2026-02-01T0117,P01,0.2473,95.3251,0,1,vendor_A
2026-02-01T0117,P02,0.1999,95.3251,0,1,vendor_A
2026-02-01T0117,P03,1.4113,95.3251,0,1,vendor_A
2026-02-01T0117,P04,-0.4557,95.3251,0,0,vendor_A
2026-02-01T0117,P05,1.0081,95.3251,0,0,vendor_B
2026-02-01T0117,P06,-0.7419,95.3251,0,0,vendor_B
2026-02-01T0117,P07,1.1221,95.3251,0,0,vendor_B
2026-02-01T0117,P08,-0.7630,95.3251,0,0,vendor_B
2026-02-01T0117,P09,-0.3622,95.3251,0,0,
2026-02-01T0117,P10,1.8960,95.3251,0,0,
2026-02-01T0117,P11,0.3170,95.3251,0,0,
2026-02-01T0118,P00,0.1098,95.6987,0,1,vendor_A
2026-02-01T0118,P01,2.2420,95.6987,0,1,vendor_A
2026-02-01T0118,P02,0.3614,95.6987,0,1,vendor_A
2026-02-01T0118,P03,-0.8161,95.6987,0,1,vendor_A
2026-02-01T0118,P04,0.7346,95.6987,0,0,vendor_A
2026-02-01T0118,P05,-1.1817,95.6987,0,0,vendor_B
2026-02-01T0118,P06,1.1283,95.6987,0,0,vendor_B
2026-02-01T0118,P07,1.2060,95.6987,0,0,vendor_B
2026-02-01T0118,P08,-0.5730,95.6987,0,0,vendor_B
2026-02-01T0118,P09,-0.6279,95.6987,0,0,
2026-02-01T0118,P10,0.1765,95.6987,0,0,
2026-02-01T0118,P11,0.0142,95.6987,0,0,
2026-02-01T0119,P00,-0.9777,95.4407,0,1,vendor_A
2026-02-01T0119,P01,0.5681,95.4407,0,1,vendor_A
2026-02-01T0119,P02,-2.0419,95.4407,0,1,vendor_A
2026-02-01T0119,P03,-0.4329,95.4407,0,1,vendor_A
2026-02-01T0119,P04,-0.4039,95.4407,0,0,vendor_A
2026-02-01T0119,P05,-0.2733,95.4407,0,0,vendor_B
2026-02-01T0119,P06,0.3072,95.4407,0,0,vendor_B
2026-02-01T0119,P07,-1.2280,95.4407,0,0,vendor_B
2026-02-01T0119,P08,0.5885,95.4407,0,0,vendor_B
2026-02-01T0119,P09,-0.1802,95.4407,0,0,
2026-02-01T0119,P10,-0.6502,95.4407,0,0,
2026-02-01T0119,P11,-1.3668,95.4407,0,0,
2026-02-01T0120,P00,-1.1831,94.5808,0,1,vendor_A
2026-02-01T0120,P01,0.3603,94.5808,0,1,vendor_A
2026-02-01T0120,P02,-0.9638,94.5808,0,1,vendor_A
2026-02-01T0120,P03,0.0642,94.5808,0,1,vendor_A
2026-02-01T0120,P04,1.0620,94.5808,0,0,vendor_A
2026-02-01T0120,P05,1.0326,94.5808,0,0,vendor_B
2026-02-01T0120,P06,1.5604,94.5808,0,0,vendor_B
2026-02-01T0120,P07,-0.2963,94.5808,0,0,vendor_B
2026-02-01T0120,P08,-1.0851,94.5808,0,0,vendor_B
2026-02-01T0120,P09,1.0205,94.5808,0,0,
2026-02-01T0120,P10,0.3096,94.5808,0,0,
2026-02-01T0120,P11,1.1240,94.5808,0,0,
2026-02-01T0121,P00,0.0111,94.2632,0,1,vendor_A
2026-02-01T0121,P01,1.1956,94.2632,0,1,vendor_A
2026-02-01T0121,P02,0.8464,94.2632,0,1,vendor_A
2026-02-01T0121,P03,0.7164,94.2632,0,1,vendor_A
2026-02-01T0121,P04,0.5035,94.2632,0,0,vendor_A
2026-02-01T0121,P05,0.3977,94.2632,0,0,vendor_B
2026-02-01T0121,P06,0.2330,94.2632,0,0,vendor_B
2026-02-01T0121,P07,0.2259,94.2632,0,0,vendor_B
2026-02-01T0121,P08,0.9902,94.2632,0,0,vendor_B
2026-02-01T0121,P09,-0.5120,94.2632,0,0,
2026-02-01T0121,P10,1.7357,94.2632,0,0,
2026-02-01T0121,P11,-0.1062,94.2632,0,0,
2026-02-01T0122,P00,0.9854,94.3155,0,1,vendor_A
2026-02-01T0122,P01,-0.0902,94.3155,0,1,vendor_A
2026-02-01T0122,P02,-0.2467,94.3155,0,1,vendor_A
2026-02-01T0122,P03,2.0322,94.3155,0,1,vendor_A
2026-02-01T0122,P04,-0.3093,94.3155,0,0,vendor_A
2026-02-01T0122,P05,-1.2772,94.3155,0,0,vendor_B
2026-02-01T0122,P06,-0.7141,94.3155,0,0,vendor_B
2026-02-01T0122,P07,-0.3172,94.3155,0,0,vendor_B
2026-02-01T0122,P08,2.1552,94.3155,0,0,vendor_B
2026-02-01T0122,P09,0.2068,94.3155,0,0,
2026-02-01T0122,P10,0.9347,94.3155,0,0,
2026-02-01T0122,P11,-1.0016,94.3155,0,0,
2026-02-01T0123,P00,0.3526,95.1836,0,1,vendor_A
2026-02-01T0123,P01,0.6715,95.1836,0,1,vendor_A
2026-02-01T0123,P02,1.8016,95.1836,0,1,vendor_A
2026-02-01T0123,P03,-0.6963,95.1836,0,1,vendor_A
2026-02-01T0123,P04,0.6035,95.1836,0,0,vendor_A
2026-02-01T0123,P05,0.3026,95.1836,0,0,vendor_B
2026-02-01T0123,P06,-1.0217,95.1836,0,0,vendor_B
2026-02-01T0123,P07,-0.0195,95.1836,0,0,vendor_B
2026-02-01T0123,P08,-0.2635,95.1836,0,0,vendor_B
2026-02-01T0123,P09,-2.3254,95.1836,0,0,
2026-02-01T0123,P10,0.5987,95.1836,0,0,
2026-02-01T0123,P11,0.5402,95.1836,0,0,
2026-02-01T0124,P00,-0.4389,95.8221,0,1,vendor_A
2026-02-01T0124,P01,-1.3386,95.8221,0,1,vendor_A
2026-02-01T0124,P02,1.4799,95.8221,0,1,vendor_A
2026-02-01T0124,P03,0.2660,95.8221,0,1,vendor_A
2026-02-01T0124,P04,1.0167,95.8221,0,0,vendor_A
2026-02-01T0124,P05,1.4103,95.8221,0,0,vendor_B
2026-02-01T0124,P06,-0.5209,95.8221,0,0,vendor_B
2026-02-01T0124,P07,0.8122,95.8221,0,0,vendor_B
2026-02-01T0124,P08,-0.2411,95.8221,0,0,vendor_B
2026-02-01T0124,P09,-0.0625,95.8221,0,0,
2026-02-01T0124,P10,-0.0856,95.8221,0,0,
2026-02-01T0124,P11,-0.0013,95.8221,0,0,
2026-02-01T0125,P00,1.1140,96.2616,0,1,vendor_A
2026-02-01T0125,P01,0.1238,96.2616,0,1,vendor_A
2026-02-01T0125,P02,-0.1537,96.2616,0,1,vendor_A
2026-02-01T0125,P03,-0.2765,96.2616,0,1,vendor_A
2026-02-01T0125,P04,0.3413,96.2616,0,0,vendor_A
2026-02-01T0125,P05,-0.8949,96.2616,0,0,vendor_B
2026-02-01T0125,P06,-0.5027,96.2616,0,0,vendor_B
2026-02-01T0125,P07,-0.0523,96.2616,0,0,vendor_B
2026-02-01T0125,P08,-0.5658,96.2616,0,0,vendor_B
2026-02-01T0125,P09,-0.1185,96.2616,0,0,
2026-02-01T0125,P10,-0.6108,96.2616,0,0,
2026-02-01T0125,P11,2.0040,96.2616,0,0,
2026-02-01T0126,P00,1.3291,95.4374,0,1,vendor_A
2026-02-01T0126,P01,0.4500,95.4374,0,1,vendor_A
2026-02-01T0126,P02,-0.0536,95.4374,0,1,vendor_A
2026-02-01T0126,P03,2.1908,95.4374,0,1,vendor_A
2026-02-01T0126,P04,0.3230,95.4374,0,0,vendor_A
2026-02-01T0126,P05,-0.0868,95.4374,0,0,vendor_B
2026-02-01T0126,P06,0.3031,95.4374,0,0,vendor_B
2026-02-01T0126,P07,0.3059,95.4374,0,0,vendor_B
2026-02-01T0126,P08,1.4103,95.4374,0,0,vendor_B
2026-02-01T0126,P09,-0.0190,95.4374,0,0,
2026-02-01T0126,P10,2.0993,95.4374,0,0,
2026-02-01T0126,P11,-0.8820,95.4374,0,0,
2026-02-01T0127,P00,0.6941,95.3640,0,1,vendor_A
2026-02-01T0127,P01,-1.0018,95.3640,0,1,vendor_A
2026-02-01T0127,P02,1.8171,95.3640,0,1,vendor_A
2026-02-01T0127,P03,-0.3306,95.3640,0,1,vendor_A
2026-02-01T0127,P04,-0.0582,95.3640,0,0,vendor_A
2026-02-01T0127,P05,0.9242,95.3640,0,0,vendor_B
2026-02-01T0127,P06,1.2553,95.3640,0,0,vendor_B
2026-02-01T0127,P07,-1.1119,95.3640,0,0,vendor_B
2026-02-01T0127,P08,-0.3462,95.3640,0,0,vendor_B
2026-02-01T0127,P09,-1.3949,95.3640,0,0,
2026-02-01T0127,P10,0.1373,95.3640,0,0,
2026-02-01T0127,P11,-0.1014,95.3640,0,0,
2026-02-01T0128,P00,-0.3489,95.5023,0,1,vendor_A
2026-02-01T0128,P01,-0.6845,95.5023,0,1,vendor_A
2026-02-01T0128,P02,-0.3859,95.5023,0,1,vendor_A
2026-02-01T0128,P03,-0.7464,95.5023,0,1,vendor_A
2026-02-01T0128,P04,0.5290,95.5023,0,0,vendor_A
2026-02-01T0128,P05,1.5160,95.5023,0,0,vendor_B
2026-02-01T0128,P06,-1.9307,95.5023,0,0,vendor_B
2026-02-01T0128,P07,-0.1160,95.5023,0,0,vendor_B
2026-02-01T0128,P08,-0.4182,95.5023,0,0,vendor_B
2026-02-01T0128,P09,0.4924,95.5023,0,0,
2026-02-01T0128,P10,-0.9518,95.5023,0,0,
2026-02-01T0128,P11,-0.1464,95.5023,0,0,
2026-02-01T0129,P00,-1.0396,95.7298,0,1,vendor_A
2026-02-01T0129,P01,0.6967,95.7298,0,1,vendor_A
2026-02-01T0129,P02,0.0993,95.7298,0,1,vendor_A
2026-02-01T0129,P03,-0.1615,95.7298,0,1,vendor_A
2026-02-01T0129,P04,0.3702,95.7298,0,0,vendor_A
2026-02-01T0129,P05,-0.2465,95.7298,0,0,vendor_B
2026-02-01T0129,P06,-1.5538,95.7298,0,0,vendor_B
2026-02-01T0129,P07,0.5957,95.7298,0,0,vendor_B
2026-02-01T0129,P08,0.2883,95.7298,0,0,vendor_B
2026-02-01T0129,P09,-0.1541,95.7298,0,0,
2026-02-01T0129,P10,0.9849,95.7298,0,0,
2026-02-01T0129,P11,1.2185,95.7298,0,0,
2026-02-01T0130,P00,-1.0923,95.7436,0,1,vendor_A
2026-02-01T0130,P01,-0.7811,95.7436,0,1,vendor_A
2026-02-01T0130,P02,1.5473,95.7436,0,1,vendor_A
2026-02-01T0130,P03,1.4189,95.7436,0,1,vendor_A
2026-02-01T0130,P04,-0.7384,95.7436,0,0,vendor_A
2026-02-01T0130,P05,-1.1807,95.7436,0,0,vendor_B
2026-02-01T0130,P06,-0.6376,95.7436,0,0,vendor_B
2026-02-01T0130,P07,-0.4981,95.7436,0,0,vendor_B
2026-02-01T0130,P08,-1.5841,95.7436,0,0,vendor_B
2026-02-01T0130,P09,0.0312,95.7436,0,0,
2026-02-01T0130,P10,-1.2802,95.7436,0,0,
2026-02-01T0130,P11,-1.2104,95.7436,0,0,
2026-02-01T0131,P00,0.9161,95.6332,0,1,vendor_A
2026-02-01T0131,P01,-0.6832,95.6332,0,1,vendor_A
2026-02-01T0131,P02,-0.0715,95.6332,0,1,vendor_A
2026-02-01T0131,P03,0.6291,95.6332,0,1,vendor_A
2026-02-01T0131,P04,0.8132,95.6332,0,0,vendor_A
2026-02-01T0131,P05,-0.3370,95.6332,0,0,vendor_B
2026-02-01T0131,P06,0.0441,95.6332,0,0,vendor_B
2026-02-01T0131,P07,-0.8254,95.6332,0,0,vendor_B
2026-02-01T0131,P08,1.7474,95.6332,0,0,vendor_B
2026-02-01T0131,P09,0.6499,95.6332,0,0,
2026-02-01T0131,P10,-1.1032,95.6332,0,0,
2026-02-01T0131,P11,0.0041,95.6332,0,0,
2026-02-01T0132,P00,0.7136,96.7288,0,1,vendor_A
2026-02-01T0132,P01,0.4794,96.7288,0,1,vendor_A
2026-02-01T0132,P02,1.8292,96.7288,0,1,vendor_A
2026-02-01T0132,P03,1.3723,96.7288,0,1,vendor_A
2026-02-01T0132,P04,-0.5393,96.7288,0,0,vendor_A
2026-02-01T0132,P05,-0.0892,96.7288,0,0,vendor_B
2026-02-01T0132,P06,-1.2815,96.7288,0,0,vendor_B
2026-02-01T0132,P07,0.2495,96.7288,0,0,vendor_B
2026-02-01T0132,P08,0.1510,96.7288,0,0,vendor_B
2026-02-01T0132,P09,2.7035,96.7288,0,0,
2026-02-01T0132,P10,0.0976,96.7288,0,0,
2026-02-01T0132,P11,-2.0933,96.7288,0,0,
2026-02-01T0133,P00,-0.6721,97.3798,0,1,vendor_A
2026-02-01T0133,P01,0.1123,97.3798,0,1,vendor_A
2026-02-01T0133,P02,-1.2560,97.3798,0,1,vendor_A
2026-02-01T0133,P03,-0.8672,97.3798,0,1,vendor_A
2026-02-01T0133,P04,-0.3656,97.3798,0,0,vendor_A
2026-02-01T0133,P05,0.3418,97.3798,0,0,vendor_B
2026-02-01T0133,P06,-0.1653,97.3798,0,0,vendor_B
2026-02-01T0133,P07,-0.8892,97.3798,0,0,vendor_B
2026-02-01T0133,P08,0.7877,97.3798,0,0,vendor_B
2026-02-01T0133,P09,-0.5396,97.3798,0,0,
2026-02-01T0133,P10,-0.4993,97.3798,0,0,
2026-02-01T0133,P11,-1.3797,97.3798,0,0,
2026-02-01T0134,P00,-0.7860,97.2435,0,1,vendor_A
2026-02-01T0134,P01,0.6518,97.2435,0,1,vendor_A
2026-02-01T0134,P02,-1.6177,97.2435,0,1,vendor_A
2026-02-01T0134,P03,-0.0712,97.2435,0,1,vendor_A
2026-02-01T0134,P04,0.7177,97.2435,0,0,vendor_A
2026-02-01T0134,P05,-0.3771,97.2435,0,0,vendor_B
2026-02-01T0134,P06,0.2398,97.2435,0,0,vendor_B
2026-02-01T0134,P07,-1.1168,97.2435,0,0,vendor_B
2026-02-01T0134,P08,1.3103,97.2435,0,0,vendor_B
2026-02-01T0134,P09,1.1011,97.2435,0,0,
2026-02-01T0134,P10,0.2355,97.2435,0,0,
2026-02-01T0134,P11,-1.7551,97.2435,0,0,
2026-02-01T0135,P00,-1.0460,96.7543,0,1,vendor_A
2026-02-01T0135,P01,0.9767,96.7543,0,1,vendor_A
2026-02-01T0135,P02,1.7131,96.7543,0,1,vendor_A
2026-02-01T0135,P03,0.2966,96.7543,0,1,vendor_A
2026-02-01T0135,P04,1.2473,96.7543,0,0,vendor_A
2026-02-01T0135,P05,-0.6078,96.7543,0,0,vendor_B
2026-02-01T0135,P06,-0.1894,96.7543,0,0,vendor_B
2026-02-01T0135,P07,0.0011,96.7543,0,0,vendor_B
2026-02-01T0135,P08,0.4231,96.7543,0,0,vendor_B
2026-02-01T0135,P09,-1.5288,96.7543,0,0,
2026-02-01T0135,P10,0.9407,96.7543,0,0,
2026-02-01T0135,P11,1.3225,96.7543,0,0,
2026-02-01T0136,P00,-1.1487,97.8183,0,1,vendor_A
2026-02-01T0136,P01,-1.3553,97.8183,0,1,vendor_A
2026-02-01T0136,P02,0.3506,97.8183,0,1,vendor_A
2026-02-01T0136,P03,-0.6543,97.8183,0,1,vendor_A
2026-02-01T0136,P04,-2.3708,97.8183,0,0,vendor_A
2026-02-01T0136,P05,0.8086,97.8183,0,0,vendor_B
2026-02-01T0136,P06,0.1556,97.8183,0,0,vendor_B
2026-02-01T0136,P07,-0.4766,97.8183,0,0,vendor_B
2026-02-01T0136,P08,2.1134,97.8183,0,0,vendor_B
2026-02-01T0136,P09,0.1389,97.8183,0,0,
2026-02-01T0136,P10,-0.7534,97.8183,0,0,
2026-02-01T0136,P11,0.1012,97.8183,0,0,
2026-02-01T0137,P00,-1.0401,97.5698,0,1,vendor_A
2026-02-01T0137,P01,-0.7617,97.5698,0,1,vendor_A
2026-02-01T0137,P02,0.3864,97.5698,0,1,vendor_A
2026-02-01T0137,P03,-0.5542,97.5698,0,1,vendor_A
2026-02-01T0137,P04,-0.4510,97.5698,0,0,vendor_A
2026-02-01T0137,P05,1.6689,97.5698,0,0,vendor_B
2026-02-01T0137,P06,0.8596,97.5698,0,0,vendor_B
2026-02-01T0137,P07,0.8028,97.5698,0,0,vendor_B
2026-02-01T0137,P08,0.5288,97.5698,0,0,vendor_B
2026-02-01T0137,P09,0.4842,97.5698,0,0,
2026-02-01T0137,P10,1.4566,97.5698,0,0,
2026-02-01T0137,P11,-0.0195,97.5698,0,0,
2026-02-01T0138,P00,1.8555,98.1711,0,1,vendor_A
2026-02-01T0138,P01,-0.9514,98.1711,0,1,vendor_A
2026-02-01T0138,P02,-0.2550,98.1711,0,1,vendor_A
2026-02-01T0138,P03,-1.3786,98.1711,0,1,vendor_A
2026-02-01T0138,P04,-0.3438,98.1711,0,0,vendor_A
2026-02-01T0138,P05,0.5184,98.1711,0,0,vendor_B
2026-02-01T0138,P06,1.4512,98.1711,0,0,vendor_B
2026-02-01T0138,P07,-0.6633,98.1711,0,0,vendor_B
2026-02-01T0138,P08,0.0053,98.1711,0,0,vendor_B
2026-02-01T0138,P09,-0.3592,98.1711,0,0,
2026-02-01T0138,P10,-0.7386,98.1711,0,0,
2026-02-01T0138,P11,-1.1894,98.1711,0,0,
2026-02-01T0139,P00,0.0607,99.1920,0,1,vendor_A
2026-02-01T0139,P01,-1.7321,99.1920,0,1,vendor_A
2026-02-01T0139,P02,0.1105,99.1920,0,1,vendor_A
2026-02-01T0139,P03,0.0210,99.1920,0,1,vendor_A
2026-02-01T0139,P04,-0.6578,99.1920,0,0,vendor_A
2026-02-01T0139,P05,-1.0109,99.1920,0,0,vendor_B
2026-02-01T0139,P06,-1.3843,99.1920,0,0,vendor_B
2026-02-01T0139,P07,1.8713,99.1920,0,0,vendor_B
2026-02-01T0139,P08,-1.3420,99.1920,0,0,vendor_B
2026-02-01T0139,P09,1.5577,99.1920,0,0,
2026-02-01T0139,P10,0.6002,99.1920,0,0,
2026-02-01T0139,P11,-0.3640,99.1920,0,0,
2026-02-01T0140,P00,-1.1571,98.7486,1,1,vendor_A
2026-02-01T0140,P01,1.0425,98.7486,1,1,vendor_A
2026-02-01T0140,P02,1.7297,98.7486,1,1,vendor_A
2026-02-01T0140,P03,-0.9340,98.7486,1,1,vendor_A
2026-02-01T0140,P04,-0.2987,98.7486,1,0,vendor_A
2026-02-01T0140,P05,1.0516,98.7486,1,0,vendor_B
2026-02-01T0140,P06,0.3358,98.7486,1,0,vendor_B
2026-02-01T0140,P07,2.0000,98.7486,1,0,vendor_B
2026-02-01T0140,P08,-0.5701,98.7486,1,0,vendor_B
2026-02-01T0140,P09,0.5423,98.7486,1,0,
2026-02-01T0140,P10,-1.2509,98.7486,1,0,
2026-02-01T0140,P11,2.0959,98.7486,1,0,
2026-02-01T0141,P00,-0.7303,98.9532,1,1,vendor_A
2026-02-01T0141,P01,-2.2080,98.9532,1,1,vendor_A
2026-02-01T0141,P02,-0.1258,98.9532,1,1,vendor_A
2026-02-01T0141,P03,-0.1394,98.9532,1,1,vendor_A
2026-02-01T0141,P04,1.9156,98.9532,1,0,vendor_A
2026-02-01T0141,P05,-0.3388,98.9532,1,0,vendor_B
2026-02-01T0141,P06,-0.0126,98.9532,1,0,vendor_B
2026-02-01T0141,P07,0.5934,98.9532,1,0,vendor_B
2026-02-01T0141,P08,1.5863,98.9532,1,0,vendor_B
2026-02-01T0141,P09,-0.0632,98.9532,1,0,
2026-02-01T0141,P10,1.0395,98.9532,1,0,
2026-02-01T0141,P11,0.5181,98.9532,1,0,
2026-02-01T0142,P00,-0.2962,98.7203,1,1,vendor_A
2026-02-01T0142,P01,0.0776,98.7203,1,1,vendor_A
2026-02-01T0142,P02,0.0287,98.7203,1,1,vendor_A
2026-02-01T0142,P03,-0.9160,98.7203,1,1,vendor_A
2026-02-01T0142,P04,1.2137,98.7203,1,0,vendor_A
2026-02-01T0142,P05,-1.3856,98.7203,1,0,vendor_B
2026-02-01T0142,P06,1.1712,98.7203,1,0,vendor_B
2026-02-01T0142,P07,0.9544,98.7203,1,0,vendor_B
2026-02-01T0142,P08,-0.0930,98.7203,1,0,vendor_B
2026-02-01T0142,P09,-0.7654,98.7203,1,0,
2026-02-01T0142,P10,-0.2264,98.7203,1,0,
2026-02-01T0142,P11,0.4728,98.7203,1,0,
2026-02-01T0143,P00,0.7431,98.9800,1,1,vendor_A
2026-02-01T0143,P01,0.2869,98.9800,1,1,vendor_A
2026-02-01T0143,P02,0.9921,98.9800,1,1,vendor_A
2026-02-01T0143,P03,-0.5574,98.9800,1,1,vendor_A
2026-02-01T0143,P04,0.2346,98.9800,1,0,vendor_A
2026-02-01T0143,P05,-1.5683,98.9800,1,0,vendor_B
2026-02-01T0143,P06,0.7636,98.9800,1,0,vendor_B
2026-02-01T0143,P07,0.1532,98.9800,1,0,vendor_B
2026-02-01T0143,P08,-0.4156,98.9800,1,0,vendor_B
2026-02-01T0143,P09,1.1615,98.9800,1,0,
2026-02-01T0143,P10,0.6915,98.9800,1,0,
2026-02-01T0143,P11,-2.8164,98.9800,1,0,
2026-02-01T0144,P00,0.0399,99.2782,1,1,vendor_A
2026-02-01T0144,P01,-1.4550,99.2782,1,1,vendor_A
2026-02-01T0144,P02,1.0667,99.2782,1,1,vendor_A
2026-02-01T0144,P03,2.4891,99.2782,1,1,vendor_A
2026-02-01T0144,P04,-0.5185,99.2782,1,0,vendor_A
2026-02-01T0144,P05,0.0746,99.2782,1,0,vendor_B
2026-02-01T0144,P06,-0.2510,99.2782,1,0,vendor_B
2026-02-01T0144,P07,0.3508,99.2782,1,0,vendor_B
2026-02-01T0144,P08,0.6445,99.2782,1,0,vendor_B
2026-02-01T0144,P09,1.2872,99.2782,1,0,
2026-02-01T0144,P10,-0.9874,99.2782,1,0,
2026-02-01T0144,P11,1.5716,99.2782,1,0,
2026-02-01T0145,P00,-0.9315,100.4082,1,1,vendor_A
2026-02-01T0145,P01,0.2771,100.4082,1,1,vendor_A
2026-02-01T0145,P02,1.1586,100.4082,1,1,vendor_A
2026-02-01T0145,P03,0.7132,100.4082,1,1,vendor_A
2026-02-01T0145,P04,-0.9386,100.4082,1,0,vendor_A
2026-02-01T0145,P05,-0.7019,100.4082,1,0,vendor_B
2026-02-01T0145,P06,-0.4623,100.4082,1,0,vendor_B
2026-02-01T0145,P07,-0.0512,100.4082,1,0,vendor_B
2026-02-01T0145,P08,1.1470,100.4082,1,0,vendor_B
2026-02-01T0145,P09,-1.2918,100.4082,1,0,
2026-02-01T0145,P10,0.4667,100.4082,1,0,
2026-02-01T0145,P11,0.6100,100.4082,1,0,
2026-02-01T0146,P00,0.5583,100.8672,1,1,vendor_A
2026-02-01T0146,P01,0.4663,100.8672,1,1,vendor_A
2026-02-01T0146,P02,1.5183,100.8672,1,1,vendor_A
2026-02-01T0146,P03,0.4878,100.8672,1,1,vendor_A
2026-02-01T0146,P04,0.8570,100.8672,1,0,vendor_A
2026-02-01T0146,P05,0.5635,100.8672,1,0,vendor_B
2026-02-01T0146,P06,1.7931,100.8672,1,0,vendor_B
2026-02-01T0146,P07,-1.8998,100.8672,1,0,vendor_B
2026-02-01T0146,P08,1.2821,100.8672,1,0,vendor_B
2026-02-01T0146,P09,-0.2610,100.8672,1,0,
2026-02-01T0146,P10,-0.2807,100.8672,1,0,
2026-02-01T0146,P11,-0.9695,100.8672,1,0,
2026-02-01T0147,P00,-1.8687,100.6374,1,1,vendor_A
2026-02-01T0147,P01,-0.3819,100.6374,1,1,vendor_A
2026-02-01T0147,P02,-0.6873,100.6374,1,1,vendor_A
2026-02-01T0147,P03,0.4942,100.6374,1,1,vendor_A
2026-02-01T0147,P04,-1.4723,100.6374,1,0,vendor_A
2026-02-01T0147,P05,1.4316,100.6374,1,0,vendor_B
2026-02-01T0147,P06,0.2719,100.6374,1,0,vendor_B
2026-02-01T0147,P07,-0.2479,100.6374,1,0,vendor_B
2026-02-01T0147,P08,-0.7094,100.6374,1,0,vendor_B
2026-02-01T0147,P09,-0.7872,100.6374,1,0,
2026-02-01T0147,P10,-1.1301,100.6374,1,0,
2026-02-01T0147,P11,-0.5444,100.6374,1,0,
2026-02-01T0148,P00,0.0061,101.1106,1,1,vendor_A
2026-02-01T0148,P01,-0.1774,101.1106,1,1,vendor_A
2026-02-01T0148,P02,-1.4145,101.1106,1,1,vendor_A
2026-02-01T0148,P03,-0.2658,101.1106,1,1,vendor_A
2026-02-01T0148,P04,-0.8932,101.1106,1,0,vendor_A
2026-02-01T0148,P05,0.1599,101.1106,1,0,vendor_B
2026-02-01T0148,P06,1.8647,101.1106,1,0,vendor_B
2026-02-01T0148,P07,0.6250,101.1106,1,0,vendor_B
2026-02-01T0148,P08,-0.3131,101.1106,1,0,vendor_B
2026-02-01T0148,P09,-1.6249,101.1106,1,0,
2026-02-01T0148,P10,-1.4147,101.1106,1,0,
2026-02-01T0148,P11,-1.6867,101.1106,1,0,
2026-02-01T0149,P00,0.7260,100.8357,1,1,vendor_A
2026-02-01T0149,P01,-0.7651,100.8357,1,1,vendor_A
2026-02-01T0149,P02,0.0626,100.8357,1,1,vendor_A
2026-02-01T0149,P03,-0.6220,100.8357,1,1,vendor_A
2026-02-01T0149,P04,0.0912,100.8357,1,0,vendor_A
2026-02-01T0149,P05,1.4017,100.8357,1,0,vendor_B
2026-02-01T0149,P06,-0.6849,100.8357,1,0,vendor_B
2026-02-01T0149,P07,-0.3410,100.8357,1,0,vendor_B
2026-02-01T0149,P08,-0.8063,100.8357,1,0,vendor_B
2026-02-01T0149,P09,0.8746,100.8357,1,0,
2026-02-01T0149,P10,-1.0257,100.8357,1,0,
2026-02-01T0149,P11,-1.1330,100.8357,1,0,
2026-02-01T0150,P00,-0.1706,100.6100,1,1,vendor_A
2026-02-01T0150,P01,-0.1737,100.6100,1,1,vendor_A
2026-02-01T0150,P02,0.1082,100.6100,1,1,vendor_A
2026-02-01T0150,P03,0.4229,100.6100,1,1,vendor_A
2026-02-01T0150,P04,-0.1118,100.6100,1,0,vendor_A
2026-02-01T0150,P05,0.9515,100.6100,1,0,vendor_B
2026-02-01T0150,P06,0.2511,100.6100,1,0,vendor_B
2026-02-01T0150,P07,-1.1020,100.6100,1,0,vendor_B
2026-02-01T0150,P08,-0.2767,100.6100,1,0,vendor_B
2026-02-01T0150,P09,-0.2329,100.6100,1,0,
2026-02-01T0150,P10,-0.6907,100.6100,1,0,
2026-02-01T0150,P11,1.9306,100.6100,1,0,
2026-02-01T0151,P00,-1.3725,101.8728,1,1,vendor_A
2026-02-01T0151,P01,-1.0294,101.8728,1,1,vendor_A
2026-02-01T0151,P02,-1.0368,101.8728,1,1,vendor_A
2026-02-01T0151,P03,-1.1735,101.8728,1,1,vendor_A
2026-02-01T0151,P04,-1.0642,101.8728,1,0,vendor_A
2026-02-01T0151,P05,0.8776,101.8728,1,0,vendor_B
2026-02-01T0151,P06,0.1527,101.8728,1,0,vendor_B
2026-02-01T0151,P07,0.4173,101.8728,1,0,vendor_B
2026-02-01T0151,P08,0.6929,101.8728,1,0,vendor_B
2026-02-01T0151,P09,-2.0321,101.8728,1,0,
2026-02-01T0151,P10,1.4784,101.8728,1,0,
2026-02-01T0151,P11,2.2783,101.8728,1,0,
2026-02-01T0152,P00,0.3808,101.2889,1,1,vendor_A
2026-02-01T0152,P01,0.3857,101.2889,1,1,vendor_A
2026-02-01T0152,P02,0.0224,101.2889,1,1,vendor_A
2026-02-01T0152,P03,0.2159,101.2889,1,1,vendor_A
2026-02-01T0152,P04,0.1118,101.2889,1,0,vendor_A
2026-02-01T0152,P05,-0.5872,101.2889,1,0,vendor_B
2026-02-01T0152,P06,0.9670,101.2889,1,0,vendor_B
2026-02-01T0152,P07,-0.8039,101.2889,1,0,vendor_B
2026-02-01T0152,P08,-0.1301,101.2889,1,0,vendor_B
2026-02-01T0152,P09,-1.9086,101.2889,1,0,
2026-02-01T0152,P10,-0.1584,101.2889,1,0,
2026-02-01T0152,P11,0.0900,101.2889,1,0,
2026-02-01T0153,P00,0.5493,101.1504,1,1,vendor_A
2026-02-01T0153,P01,0.5471,101.1504,1,1,vendor_A
2026-02-01T0153,P02,0.9380,101.1504,1,1,vendor_A
2026-02-01T0153,P03,0.4736,101.1504,1,1,vendor_A
2026-02-01T0153,P04,0.4975,101.1504,1,0,vendor_A
2026-02-01T0153,P05,-0.8090,101.1504,1,0,vendor_B
2026-02-01T0153,P06,1.1988,101.1504,1,0,vendor_B
2026-02-01T0153,P07,2.1015,101.1504,1,0,vendor_B
2026-02-01T0153,P08,0.3322,101.1504,1,0,vendor_B
2026-02-01T0153,P09,-0.7173,101.1504,1,0,
2026-02-01T0153,P10,-0.4277,101.1504,1,0,
2026-02-01T0153,P11,1.0648,101.1504,1,0,
2026-02-01T0154,P00,-0.5615,101.1304,1,1,vendor_A
2026-02-01T0154,P01,-0.2069,101.1304,1,1,vendor_A
2026-02-01T0154,P02,-0.2124,101.1304,1,1,vendor_A
2026-02-01T0154,P03,-0.4144,101.1304,1,1,vendor_A
2026-02-01T0154,P04,-0.3280,101.1304,1,0,vendor_A
2026-02-01T0154,P05,0.7497,101.1304,1,0,vendor_B
2026-02-01T0154,P06,1.5542,101.1304,1,0,vendor_B
2026-02-01T0154,P07,-1.0515,101.1304,1,0,vendor_B
2026-02-01T0154,P08,1.1812,101.1304,1,0,vendor_B
2026-02-01T0154,P09,-0.3752,101.1304,1,0,
2026-02-01T0154,P10,-0.7678,101.1304,1,0,
2026-02-01T0154,P11,0.1027,101.1304,1,0,
2026-02-01T0155,P00,0.8249,100.6687,1,1,vendor_A
2026-02-01T0155,P01,0.7090,100.6687,1,1,vendor_A
2026-02-01T0155,P02,0.6175,100.6687,1,1,vendor_A
2026-02-01T0155,P03,0.7158,100.6687,1,1,vendor_A
2026-02-01T0155,P04,1.0749,100.6687,1,0,vendor_A
2026-02-01T0155,P05,1.9626,100.6687,1,0,vendor_B
2026-02-01T0155,P06,0.6501,100.6687,1,0,vendor_B
2026-02-01T0155,P07,1.1859,100.6687,1,0,vendor_B
2026-02-01T0155,P08,-0.5168,100.6687,1,0,vendor_B
2026-02-01T0155,P09,-0.0772,100.6687,1,0,
2026-02-01T0155,P10,0.2828,100.6687,1,0,
2026-02-01T0155,P11,-1.0813,100.6687,1,0,
2026-02-01T0156,P00,-1.7346,99.0878,1,1,vendor_A
2026-02-01T0156,P01,-1.5715,99.0878,1,1,vendor_A
2026-02-01T0156,P02,-1.6341,99.0878,1,1,vendor_A
2026-02-01T0156,P03,-1.7456,99.0878,1,1,vendor_A
2026-02-01T0156,P04,-1.5281,99.0878,1,0,vendor_A
2026-02-01T0156,P05,-0.2633,99.0878,1,0,vendor_B
2026-02-01T0156,P06,1.0214,99.0878,1,0,vendor_B
2026-02-01T0156,P07,-0.0052,99.0878,1,0,vendor_B
2026-02-01T0156,P08,-0.3003,99.0878,1,0,vendor_B
2026-02-01T0156,P09,0.1277,99.0878,1,0,
2026-02-01T0156,P10,-0.1720,99.0878,1,0,
2026-02-01T0156,P11,-0.6680,99.0878,1,0,
2026-02-01T0157,P00,-1.4766,99.4289,1,1,vendor_A
2026-02-01T0157,P01,-1.3039,99.4289,1,1,vendor_A
2026-02-01T0157,P02,-1.3193,99.4289,1,1,vendor_A
2026-02-01T0157,P03,-1.2233,99.4289,1,1,vendor_A
2026-02-01T0157,P04,-1.6702,99.4289,1,0,vendor_A
2026-02-01T0157,P05,-0.3931,99.4289,1,0,vendor_B
2026-02-01T0157,P06,-0.4146,99.4289,1,0,vendor_B
2026-02-01T0157,P07,0.1718,99.4289,1,0,vendor_B
2026-02-01T0157,P08,-0.4522,99.4289,1,0,vendor_B
2026-02-01T0157,P09,-0.5132,99.4289,1,0,
2026-02-01T0157,P10,0.7830,99.4289,1,0,
2026-02-01T0157,P11,0.1781,99.4289,1,0,
2026-02-01T0158,P00,-1.2370,98.7073,1,1,vendor_A
2026-02-01T0158,P01,-0.8618,98.7073,1,1,vendor_A
2026-02-01T0158,P02,-0.9125,98.7073,1,1,vendor_A
2026-02-01T0158,P03,-1.1481,98.7073,1,1,vendor_A
2026-02-01T0158,P04,-0.9373,98.7073,1,0,vendor_A
2026-02-01T0158,P05,-0.7352,98.7073,1,0,vendor_B
2026-02-01T0158,P06,1.1257,98.7073,1,0,vendor_B
2026-02-01T0158,P07,-0.2178,98.7073,1,0,vendor_B
2026-02-01T0158,P08,-0.8028,98.7073,1,0,vendor_B
2026-02-01T0158,P09,-0.3731,98.7073,1,0,
2026-02-01T0158,P10,-0.7658,98.7073,1,0,
2026-02-01T0158,P11,0.1921,98.7073,1,0,
2026-02-01T0159,P00,-0.3446,98.2416,1,1,vendor_A
2026-02-01T0159,P01,-0.3655,98.2416,1,1,vendor_A
2026-02-01T0159,P02,-0.4544,98.2416,1,1,vendor_A
2026-02-01T0159,P03,-0.9200,98.2416,1,1,vendor_A
2026-02-01T0159,P04,-0.3569,98.2416,1,0,vendor_A
2026-02-01T0159,P05,-1.8962,98.2416,1,0,vendor_B
2026-02-01T0159,P06,0.2442,98.2416,1,0,vendor_B
2026-02-01T0159,P07,1.1308,98.2416,1,0,vendor_B
2026-02-01T0159,P08,0.2739,98.2416,1,0,vendor_B
2026-02-01T0159,P09,-0.3894,98.2416,1,0,
2026-02-01T0159,P10,-0.1799,98.2416,1,0,
2026-02-01T0159,P11,-0.1331,98.2416,1,0,
2026-02-01T0160,P00,-0.0681,98.0557,1,1,vendor_A
2026-02-01T0160,P01,-0.0733,98.0557,1,1,vendor_A
2026-02-01T0160,P02,-0.1243,98.0557,1,1,vendor_A
2026-02-01T0160,P03,0.1925,98.0557,1,1,vendor_A
2026-02-01T0160,P04,0.0119,98.0557,1,0,vendor_A
2026-02-01T0160,P05,0.9563,98.0557,1,0,vendor_B
2026-02-01T0160,P06,-0.2501,98.0557,1,0,vendor_B
2026-02-01T0160,P07,0.0722,98.0557,1,0,vendor_B
2026-02-01T0160,P08,-0.1704,98.0557,1,0,vendor_B
2026-02-01T0160,P09,0.4628,98.0557,1,0,
2026-02-01T0160,P10,0.8266,98.0557,1,0,
2026-02-01T0160,P11,0.2397,98.0557,1,0,
2026-02-01T0161,P00,-0.1614,97.6285,1,1,vendor_A
2026-02-01T0161,P01,-0.1773,97.6285,1,1,vendor_A
2026-02-01T0161,P02,0.1885,97.6285,1,1,vendor_A
2026-02-01T0161,P03,-0.1023,97.6285,1,1,vendor_A
2026-02-01T0161,P04,-0.1040,97.6285,1,0,vendor_A
2026-02-01T0161,P05,1.4650,97.6285,1,0,vendor_B
2026-02-01T0161,P06,1.0879,97.6285,1,0,vendor_B
2026-02-01T0161,P07,0.5338,97.6285,1,0,vendor_B
2026-02-01T0161,P08,-0.3994,97.6285,1,0,vendor_B
2026-02-01T0161,P09,2.3532,97.6285,1,0,
2026-02-01T0161,P10,0.3930,97.6285,1,0,
2026-02-01T0161,P11,0.5470,97.6285,1,0,
2026-02-01T0162,P00,-0.0770,96.8651,1,1,vendor_A
2026-02-01T0162,P01,-0.2635,96.8651,1,1,vendor_A
2026-02-01T0162,P02,-0.2515,96.8651,1,1,vendor_A
2026-02-01T0162,P03,0.0097,96.8651,1,1,vendor_A
2026-02-01T0162,P04,0.0074,96.8651,1,0,vendor_A
2026-02-01T0162,P05,-0.2400,96.8651,1,0,vendor_B
2026-02-01T0162,P06,-1.1717,96.8651,1,0,vendor_B
2026-02-01T0162,P07,-1.4417,96.8651,1,0,vendor_B
2026-02-01T0162,P08,-0.3279,96.8651,1,0,vendor_B
2026-02-01T0162,P09,-1.4561,96.8651,1,0,
2026-02-01T0162,P10,0.8989,96.8651,1,0,
2026-02-01T0162,P11,1.1527,96.8651,1,0,
2026-02-01T0163,P00,0.9779,97.0815,1,1,vendor_A
2026-02-01T0163,P01,0.6853,97.0815,1,1,vendor_A
2026-02-01T0163,P02,0.4646,97.0815,1,1,vendor_A
2026-02-01T0163,P03,0.4228,97.0815,1,1,vendor_A
2026-02-01T0163,P04,0.0358,97.0815,1,0,vendor_A
2026-02-01T0163,P05,-0.5949,97.0815,1,0,vendor_B
2026-02-01T0163,P06,-0.1770,97.0815,1,0,vendor_B
2026-02-01T0163,P07,0.9678,97.0815,1,0,vendor_B
2026-02-01T0163,P08,0.6116,97.0815,1,0,vendor_B
2026-02-01T0163,P09,0.5883,97.0815,1,0,
2026-02-01T0163,P10,0.2136,97.0815,1,0,
2026-02-01T0163,P11,0.6609,97.0815,1,0,
2026-02-01T0164,P00,-0.1440,98.4173,1,1,vendor_A
2026-02-01T0164,P01,-0.5209,98.4173,1,1,vendor_A
2026-02-01T0164,P02,-0.4298,98.4173,1,1,vendor_A
2026-02-01T0164,P03,-0.5695,98.4173,1,1,vendor_A
2026-02-01T0164,P04,-0.1184,98.4173,1,0,vendor_A
2026-02-01T0164,P05,1.2969,98.4173,1,0,vendor_B
2026-02-01T0164,P06,0.7523,98.4173,1,0,vendor_B
2026-02-01T0164,P07,-1.1986,98.4173,1,0,vendor_B
2026-02-01T0164,P08,0.1729,98.4173,1,0,vendor_B
2026-02-01T0164,P09,-0.2346,98.4173,1,0,
2026-02-01T0164,P10,0.0808,98.4173,1,0,
2026-02-01T0164,P11,-0.1881,98.4173,1,0,
2026-02-01T0165,P00,-0.8886,98.6114,1,1,vendor_A
2026-02-01T0165,P01,-1.0259,98.6114,1,1,vendor_A
2026-02-01T0165,P02,-0.8384,98.6114,1,1,vendor_A
2026-02-01T0165,P03,-0.9304,98.6114,1,1,vendor_A
2026-02-01T0165,P04,-1.0106,98.6114,1,0,vendor_A
2026-02-01T0165,P05,-0.1119,98.6114,1,0,vendor_B
2026-02-01T0165,P06,-0.4406,98.6114,1,0,vendor_B
2026-02-01T0165,P07,0.8139,98.6114,1,0,vendor_B
2026-02-01T0165,P08,-0.2715,98.6114,1,0,vendor_B
2026-02-01T0165,P09,0.2949,98.6114,1,0,
2026-02-01T0165,P10,-0.3924,98.6114,1,0,
2026-02-01T0165,P11,-1.4851,98.6114,1,0,
2026-02-01T0166,P00,-0.8156,98.7741,1,1,vendor_A
2026-02-01T0166,P01,-1.1102,98.7741,1,1,vendor_A
2026-02-01T0166,P02,-0.8496,98.7741,1,1,vendor_A
2026-02-01T0166,P03,-0.8885,98.7741,1,1,vendor_A
2026-02-01T0166,P04,-1.1999,98.7741,1,0,vendor_A
2026-02-01T0166,P05,-0.9447,98.7741,1,0,vendor_B
2026-02-01T0166,P06,-0.5141,98.7741,1,0,vendor_B
2026-02-01T0166,P07,-0.8207,98.7741,1,0,vendor_B
2026-02-01T0166,P08,-1.1821,98.7741,1,0,vendor_B
2026-02-01T0166,P09,0.7401,98.7741,1,0,
2026-02-01T0166,P10,-0.2395,98.7741,1,0,
2026-02-01T0166,P11,0.3857,98.7741,1,0,
2026-02-01T0167,P00,1.5516,98.0479,1,1,vendor_A
2026-02-01T0167,P01,1.6620,98.0479,1,1,vendor_A
2026-02-01T0167,P02,1.5035,98.0479,1,1,vendor_A
2026-02-01T0167,P03,1.6122,98.0479,1,1,vendor_A
2026-02-01T0167,P04,1.7035,98.0479,1,0,vendor_A
2026-02-01T0167,P05,0.0451,98.0479,1,0,vendor_B
2026-02-01T0167,P06,-0.4571,98.0479,1,0,vendor_B
2026-02-01T0167,P07,-1.0867,98.0479,1,0,vendor_B
2026-02-01T0167,P08,0.1676,98.0479,1,0,vendor_B
2026-02-01T0167,P09,0.3449,98.0479,1,0,
2026-02-01T0167,P10,-0.2584,98.0479,1,0,
2026-02-01T0167,P11,-0.7693,98.0479,1,0,
2026-02-01T0168,P00,-1.7180,97.6243,1,1,vendor_A
2026-02-01T0168,P01,-1.4271,97.6243,1,1,vendor_A
2026-02-01T0168,P02,-1.8447,97.6243,1,1,vendor_A
2026-02-01T0168,P03,-1.7489,97.6243,1,1,vendor_A
2026-02-01T0168,P04,-1.7428,97.6243,1,0,vendor_A
2026-02-01T0168,P05,-2.5665,97.6243,1,0,vendor_B
2026-02-01T0168,P06,0.1239,97.6243,1,0,vendor_B
2026-02-01T0168,P07,-0.7065,97.6243,1,0,vendor_B
2026-02-01T0168,P08,1.3847,97.6243,1,0,vendor_B
2026-02-01T0168,P09,-0.2540,97.6243,1,0,
2026-02-01T0168,P10,-0.7775,97.6243,1,0,
2026-02-01T0168,P11,-0.2185,97.6243,1,0,
2026-02-01T0169,P00,-0.1099,97.1132,1,1,vendor_A
2026-02-01T0169,P01,-0.2189,97.1132,1,1,vendor_A
2026-02-01T0169,P02,-0.1428,97.1132,1,1,vendor_A
2026-02-01T0169,P03,-0.3380,97.1132,1,1,vendor_A
2026-02-01T0169,P04,-0.1687,97.1132,1,0,vendor_A
2026-02-01T0169,P05,0.7757,97.1132,1,0,vendor_B
2026-02-01T0169,P06,1.9692,97.1132,1,0,vendor_B
2026-02-01T0169,P07,0.7065,97.1132,1,0,vendor_B
2026-02-01T0169,P08,0.2719,97.1132,1,0,vendor_B
2026-02-01T0169,P09,1.1838,97.1132,1,0,
2026-02-01T0169,P10,1.0191,97.1132,1,0,
2026-02-01T0169,P11,1.6638,97.1132,1,0,
2026-02-01T0170,P00,1.2777,97.5467,1,1,vendor_A
2026-02-01T0170,P01,1.0976,97.5467,1,1,vendor_A
2026-02-01T0170,P02,1.1541,97.5467,1,1,vendor_A
2026-02-01T0170,P03,1.1422,97.5467,1,1,vendor_A
2026-02-01T0170,P04,1.1606,97.5467,1,0,vendor_A
2026-02-01T0170,P05,0.2003,97.5467,1,0,vendor_B
2026-02-01T0170,P06,-0.7824,97.5467,1,0,vendor_B
2026-02-01T0170,P07,-2.1036,97.5467,1,0,vendor_B
2026-02-01T0170,P08,-0.6717,97.5467,1,0,vendor_B
2026-02-01T0170,P09,-2.0260,97.5467,1,0,
2026-02-01T0170,P10,0.0680,97.5467,1,0,
2026-02-01T0170,P11,0.0045,97.5467,1,0,
2026-02-01T0171,P00,0.1184,97.5372,1,1,vendor_A
2026-02-01T0171,P01,0.4730,97.5372,1,1,vendor_A
2026-02-01T0171,P02,0.4998,97.5372,1,1,vendor_A
2026-02-01T0171,P03,0.3842,97.5372,1,1,vendor_A
2026-02-01T0171,P04,0.6199,97.5372,1,0,vendor_A
2026-02-01T0171,P05,1.8717,97.5372,1,0,vendor_B
2026-02-01T0171,P06,-1.2060,97.5372,1,0,vendor_B
2026-02-01T0171,P07,1.0367,97.5372,1,0,vendor_B
2026-02-01T0171,P08,0.4408,97.5372,1,0,vendor_B
2026-02-01T0171,P09,0.4183,97.5372,1,0,
2026-02-01T0171,P10,0.9344,97.5372,1,0,
2026-02-01T0171,P11,-0.7192,97.5372,1,0,
2026-02-01T0172,P00,-0.7235,97.2940,1,1,vendor_A
2026-02-01T0172,P01,-0.7586,97.2940,1,1,vendor_A
2026-02-01T0172,P02,-0.7478,97.2940,1,1,vendor_A
2026-02-01T0172,P03,-0.6494,97.2940,1,1,vendor_A
2026-02-01T0172,P04,-0.8524,97.2940,1,0,vendor_A
2026-02-01T0172,P05,-1.0457,97.2940,1,0,vendor_B
2026-02-01T0172,P06,0.5775,97.2940,1,0,vendor_B
2026-02-01T0172,P07,-0.0710,97.2940,1,0,vendor_B
2026-02-01T0172,P08,0.3830,97.2940,1,0,vendor_B
2026-02-01T0172,P09,-1.8893,97.2940,1,0,
2026-02-01T0172,P10,-0.7839,97.2940,1,0,
2026-02-01T0172,P11,-0.5554,97.2940,1,0,
2026-02-01T0173,P00,0.0066,97.2757,1,1,vendor_A
2026-02-01T0173,P01,-0.0863,97.2757,1,1,vendor_A
2026-02-01T0173,P02,0.1417,97.2757,1,1,vendor_A
2026-02-01T0173,P03,-0.0071,97.2757,1,1,vendor_A
2026-02-01T0173,P04,0.0042,97.2757,1,0,vendor_A
2026-02-01T0173,P05,0.0135,97.2757,1,0,vendor_B
2026-02-01T0173,P06,0.7080,97.2757,1,0,vendor_B
2026-02-01T0173,P07,-0.4716,97.2757,1,0,vendor_B
2026-02-01T0173,P08,1.1224,97.2757,1,0,vendor_B
2026-02-01T0173,P09,0.4601,97.2757,1,0,
2026-02-01T0173,P10,0.1540,97.2757,1,0,
2026-02-01T0173,P11,0.0417,97.2757,1,0,
2026-02-01T0174,P00,0.7389,97.0116,1,1,vendor_A
2026-02-01T0174,P01,0.8132,97.0116,1,1,vendor_A
2026-02-01T0174,P02,0.8027,97.0116,1,1,vendor_A
2026-02-01T0174,P03,0.7173,97.0116,1,1,vendor_A
2026-02-01T0174,P04,0.7924,97.0116,1,0,vendor_A
2026-02-01T0174,P05,0.1184,97.0116,1,0,vendor_B
2026-02-01T0174,P06,1.2525,97.0116,1,0,vendor_B
2026-02-01T0174,P07,-0.0266,97.0116,1,0,vendor_B
2026-02-01T0174,P08,-2.0751,97.0116,1,0,vendor_B
2026-02-01T0174,P09,1.3379,97.0116,1,0,
2026-02-01T0174,P10,0.1079,97.0116,1,0,
2026-02-01T0174,P11,-1.1711,97.0116,1,0,
2026-02-01T0175,P00,0.8945,96.1953,1,1,vendor_A
2026-02-01T0175,P01,0.7917,96.1953,1,1,vendor_A
2026-02-01T0175,P02,1.2393,96.1953,1,1,vendor_A
2026-02-01T0175,P03,0.9989,96.1953,1,1,vendor_A
2026-02-01T0175,P04,0.6889,96.1953,1,0,vendor_A
2026-02-01T0175,P05,0.5462,96.1953,1,0,vendor_B
2026-02-01T0175,P06,-0.3987,96.1953,1,0,vendor_B
2026-02-01T0175,P07,1.9168,96.1953,1,0,vendor_B
2026-02-01T0175,P08,-1.0527,96.1953,1,0,vendor_B
2026-02-01T0175,P09,-2.2470,96.1953,1,0,
2026-02-01T0175,P10,0.0659,96.1953,1,0,
2026-02-01T0175,P11,-0.3480,96.1953,1,0,
2026-02-01T0176,P00,-0.7505,96.5296,1,1,vendor_A
2026-02-01T0176,P01,-1.0092,96.5296,1,1,vendor_A
2026-02-01T0176,P02,-0.6240,96.5296,1,1,vendor_A
2026-02-01T0176,P03,-0.4370,96.5296,1,1,vendor_A
2026-02-01T0176,P04,-0.9744,96.5296,1,0,vendor_A
2026-02-01T0176,P05,1.1712,96.5296,1,0,vendor_B
2026-02-01T0176,P06,-0.5687,96.5296,1,0,vendor_B
2026-02-01T0176,P07,2.3490,96.5296,1,0,vendor_B
2026-02-01T0176,P08,0.4360,96.5296,1,0,vendor_B
2026-02-01T0176,P09,-0.1878,96.5296,1,0,
2026-02-01T0176,P10,1.1054,96.5296,1,0,
2026-02-01T0176,P11,0.5260,96.5296,1,0,
2026-02-01T0177,P00,0.4929,95.6450,1,1,vendor_A
2026-02-01T0177,P01,0.6883,95.6450,1,1,vendor_A
2026-02-01T0177,P02,0.5051,95.6450,1,1,vendor_A
2026-02-01T0177,P03,0.3135,95.6450,1,1,vendor_A
2026-02-01T0177,P04,0.8865,95.6450,1,0,vendor_A
2026-02-01T0177,P05,-0.3496,95.6450,1,0,vendor_B
2026-02-01T0177,P06,-0.6090,95.6450,1,0,vendor_B
2026-02-01T0177,P07,0.3387,95.6450,1,0,vendor_B
2026-02-01T0177,P08,-1.5596,95.6450,1,0,vendor_B
2026-02-01T0177,P09,-1.3536,95.6450,1,0,
2026-02-01T0177,P10,-0.4996,95.6450,1,0,
2026-02-01T0177,P11,-0.5197,95.6450,1,0,
2026-02-01T0178,P00,0.2039,94.9247,1,1,vendor_A
2026-02-01T0178,P01,0.3615,94.9247,1,1,vendor_A
2026-02-01T0178,P02,0.1221,94.9247,1,1,vendor_A
2026-02-01T0178,P03,0.2671,94.9247,1,1,vendor_A
2026-02-01T0178,P04,0.2834,94.9247,1,0,vendor_A
2026-02-01T0178,P05,-1.0841,94.9247,1,0,vendor_B
2026-02-01T0178,P06,0.2285,94.9247,1,0,vendor_B
2026-02-01T0178,P07,-0.9427,94.9247,1,0,vendor_B
2026-02-01T0178,P08,1.0639,94.9247,1,0,vendor_B
2026-02-01T0178,P09,0.4551,94.9247,1,0,
2026-02-01T0178,P10,0.0165,94.9247,1,0,
2026-02-01T0178,P11,-1.3397,94.9247,1,0,
2026-02-01T0179,P00,0.8623,94.9059,1,1,vendor_A
2026-02-01T0179,P01,0.7298,94.9059,1,1,vendor_A
2026-02-01T0179,P02,0.9508,94.9059,1,1,vendor_A
2026-02-01T0179,P03,0.8270,94.9059,1,1,vendor_A
2026-02-01T0179,P04,0.7230,94.9059,1,0,vendor_A
2026-02-01T0179,P05,0.9255,94.9059,1,0,vendor_B
2026-02-01T0179,P06,0.7215,94.9059,1,0,vendor_B
2026-02-01T0179,P07,-0.5933,94.9059,1,0,vendor_B
2026-02-01T0179,P08,1.1620,94.9059,1,0,vendor_B
2026-02-01T0179,P09,-0.2984,94.9059,1,0,
2026-02-01T0179,P10,-0.3092,94.9059,1,0,
2026-02-01T0179,P11,0.1238,94.9059,1,0,
2026-02-01T0180,P00,0.9508,94.8136,1,1,vendor_A
2026-02-01T0180,P01,0.9974,94.8136,1,1,vendor_A
2026-02-01T0180,P02,1.0396,94.8136,1,1,vendor_A
2026-02-01T0180,P03,1.2932,94.8136,1,1,vendor_A
2026-02-01T0180,P04,1.2886,94.8136,1,0,vendor_A
2026-02-01T0180,P05,-0.2589,94.8136,1,0,vendor_B
2026-02-01T0180,P06,1.6104,94.8136,1,0,vendor_B
2026-02-01T0180,P07,-0.0433,94.8136,1,0,vendor_B
2026-02-01T0180,P08,0.3806,94.8136,1,0,vendor_B
2026-02-01T0180,P09,0.8836,94.8136,1,0,
2026-02-01T0180,P10,0.2920,94.8136,1,0,
2026-02-01T0180,P11,2.4152,94.8136,1,0,
2026-02-01T0181,P00,-0.2261,94.9569,1,1,vendor_A
2026-02-01T0181,P01,-0.4423,94.9569,1,1,vendor_A
2026-02-01T0181,P02,-0.0668,94.9569,1,1,vendor_A
2026-02-01T0181,P03,-0.3244,94.9569,1,1,vendor_A
2026-02-01T0181,P04,-0.3083,94.9569,1,0,vendor_A
2026-02-01T0181,P05,-2.9917,94.9569,1,0,vendor_B
2026-02-01T0181,P06,1.0010,94.9569,1,0,vendor_B
2026-02-01T0181,P07,0.8184,94.9569,1,0,vendor_B
2026-02-01T0181,P08,0.7990,94.9569,1,0,vendor_B
2026-02-01T0181,P09,0.9784,94.9569,1,0,
2026-02-01T0181,P10,1.6910,94.9569,1,0,
2026-02-01T0181,P11,-0.0460,94.9569,1,0,
2026-02-01T0182,P00,-0.9683,95.2187,1,1,vendor_A
2026-02-01T0182,P01,-1.2205,95.2187,1,1,vendor_A
2026-02-01T0182,P02,-1.1620,95.2187,1,1,vendor_A
2026-02-01T0182,P03,-0.9504,95.2187,1,1,vendor_A
2026-02-01T0182,P04,-1.0503,95.2187,1,0,vendor_A
2026-02-01T0182,P05,-1.3334,95.2187,1,0,vendor_B
2026-02-01T0182,P06,0.3613,95.2187,1,0,vendor_B
2026-02-01T0182,P07,-0.1829,95.2187,1,0,vendor_B
2026-02-01T0182,P08,-0.8187,95.2187,1,0,vendor_B
2026-02-01T0182,P09,0.4343,95.2187,1,0,
2026-02-01T0182,P10,-0.4045,95.2187,1,0,
2026-02-01T0182,P11,-1.5705,95.2187,1,0,
2026-02-01T0183,P00,0.1361,95.3188,1,1,vendor_A
2026-02-01T0183,P01,0.5682,95.3188,1,1,vendor_A
2026-02-01T0183,P02,0.0756,95.3188,1,1,vendor_A
2026-02-01T0183,P03,0.3362,95.3188,1,1,vendor_A
2026-02-01T0183,P04,0.3943,95.3188,1,0,vendor_A
2026-02-01T0183,P05,0.6392,95.3188,1,0,vendor_B
2026-02-01T0183,P06,-1.2255,95.3188,1,0,vendor_B
2026-02-01T0183,P07,-0.3215,95.3188,1,0,vendor_B
2026-02-01T0183,P08,0.1408,95.3188,1,0,vendor_B
2026-02-01T0183,P09,0.8002,95.3188,1,0,
2026-02-01T0183,P10,-0.6450,95.3188,1,0,
2026-02-01T0183,P11,-1.1635,95.3188,1,0,
2026-02-01T0184,P00,1.5095,95.5856,1,1,vendor_A
2026-02-01T0184,P01,1.5249,95.5856,1,1,vendor_A
2026-02-01T0184,P02,1.4146,95.5856,1,1,vendor_A
2026-02-01T0184,P03,1.2678,95.5856,1,1,vendor_A
2026-02-01T0184,P04,1.4201,95.5856,1,0,vendor_A
2026-02-01T0184,P05,0.1093,95.5856,1,0,vendor_B
2026-02-01T0184,P06,0.8376,95.5856,1,0,vendor_B
2026-02-01T0184,P07,-1.2491,95.5856,1,0,vendor_B
2026-02-01T0184,P08,0.1163,95.5856,1,0,vendor_B
2026-02-01T0184,P09,-0.1591,95.5856,1,0,
2026-02-01T0184,P10,-1.1097,95.5856,1,0,
2026-02-01T0184,P11,0.2156,95.5856,1,0,
2026-02-01T0185,P00,0.5297,95.6347,1,1,vendor_A
2026-02-01T0185,P01,0.4629,95.6347,1,1,vendor_A
2026-02-01T0185,P02,0.5839,95.6347,1,1,vendor_A
2026-02-01T0185,P03,0.3117,95.6347,1,1,vendor_A
2026-02-01T0185,P04,0.5164,95.6347,1,0,vendor_A
2026-02-01T0185,P05,0.4314,95.6347,1,0,vendor_B
2026-02-01T0185,P06,0.2840,95.6347,1,0,vendor_B
2026-02-01T0185,P07,1.0764,95.6347,1,0,vendor_B
2026-02-01T0185,P08,-1.2011,95.6347,1,0,vendor_B
2026-02-01T0185,P09,-1.5079,95.6347,1,0,
2026-02-01T0185,P10,0.2391,95.6347,1,0,
2026-02-01T0185,P11,0.4552,95.6347,1,0,
2026-02-01T0186,P00,0.4940,96.2859,1,1,vendor_A
2026-02-01T0186,P01,0.2686,96.2859,1,1,vendor_A
2026-02-01T0186,P02,0.0450,96.2859,1,1,vendor_A
2026-02-01T0186,P03,0.2970,96.2859,1,1,vendor_A
2026-02-01T0186,P04,0.0492,96.2859,1,0,vendor_A
2026-02-01T0186,P05,-1.4858,96.2859,1,0,vendor_B
2026-02-01T0186,P06,2.6091,96.2859,1,0,vendor_B
2026-02-01T0186,P07,0.3258,96.2859,1,0,vendor_B
2026-02-01T0186,P08,0.7150,96.2859,1,0,vendor_B
2026-02-01T0186,P09,0.5636,96.2859,1,0,
2026-02-01T0186,P10,1.8121,96.2859,1,0,
2026-02-01T0186,P11,0.2841,96.2859,1,0,
2026-02-01T0187,P00,2.0195,95.5846,1,1,vendor_A
2026-02-01T0187,P01,1.6827,95.5846,1,1,vendor_A
2026-02-01T0187,P02,1.6280,95.5846,1,1,vendor_A
2026-02-01T0187,P03,2.0508,95.5846,1,1,vendor_A
2026-02-01T0187,P04,2.0580,95.5846,1,0,vendor_A
2026-02-01T0187,P05,0.5107,95.5846,1,0,vendor_B
2026-02-01T0187,P06,0.2261,95.5846,1,0,vendor_B
2026-02-01T0187,P07,0.1662,95.5846,1,0,vendor_B
2026-02-01T0187,P08,-0.6882,95.5846,1,0,vendor_B
2026-02-01T0187,P09,1.5386,95.5846,1,0,
2026-02-01T0187,P10,0.6589,95.5846,1,0,
2026-02-01T0187,P11,0.5059,95.5846,1,0,
2026-02-01T0188,P00,-0.7392,95.7862,1,1,vendor_A
2026-02-01T0188,P01,-0.6384,95.7862,1,1,vendor_A
2026-02-01T0188,P02,-0.7199,95.7862,1,1,vendor_A
2026-02-01T0188,P03,-0.6838,95.7862,1,1,vendor_A
2026-02-01T0188,P04,-0.9710,95.7862,1,0,vendor_A
2026-02-01T0188,P05,0.5100,95.7862,1,0,vendor_B
2026-02-01T0188,P06,2.1872,95.7862,1,0,vendor_B
2026-02-01T0188,P07,-0.5185,95.7862,1,0,vendor_B
2026-02-01T0188,P08,-0.1288,95.7862,1,0,vendor_B
2026-02-01T0188,P09,0.8919,95.7862,1,0,
2026-02-01T0188,P10,0.9573,95.7862,1,0,
2026-02-01T0188,P11,0.6244,95.7862,1,0,
2026-02-01T0189,P00,0.4481,95.4304,1,1,vendor_A
2026-02-01T0189,P01,0.7660,95.4304,1,1,vendor_A
2026-02-01T0189,P02,0.5132,95.4304,1,1,vendor_A
2026-02-01T0189,P03,0.5671,95.4304,1,1,vendor_A
2026-02-01T0189,P04,0.7730,95.4304,1,0,vendor_A
2026-02-01T0189,P05,-0.2958,95.4304,1,0,vendor_B
2026-02-01T0189,P06,0.8096,95.4304,1,0,vendor_B
2026-02-01T0189,P07,3.1481,95.4304,1,0,vendor_B
2026-02-01T0189,P08,0.7772,95.4304,1,0,vendor_B
2026-02-01T0189,P09,0.7229,95.4304,1,0,
2026-02-01T0189,P10,-0.8957,95.4304,1,0,
2026-02-01T0189,P11,-0.6430,95.4304,1,0,
2026-02-01T0190,P00,-0.5959,94.5701,1,1,vendor_A
2026-02-01T0190,P01,-0.5163,94.5701,1,1,vendor_A
2026-02-01T0190,P02,-0.6001,94.5701,1,1,vendor_A
2026-02-01T0190,P03,-0.5353,94.5701,1,1,vendor_A
2026-02-01T0190,P04,-0.4677,94.5701,1,0,vendor_A
2026-02-01T0190,P05,-1.0006,94.5701,1,0,vendor_B
2026-02-01T0190,P06,-1.4191,94.5701,1,0,vendor_B
2026-02-01T0190,P07,-1.3615,94.5701,1,0,vendor_B
2026-02-01T0190,P08,0.4539,94.5701,1,0,vendor_B
2026-02-01T0190,P09,0.0597,94.5701,1,0,
2026-02-01T0190,P10,1.0259,94.5701,1,0,
2026-02-01T0190,P11,1.0444,94.5701,1,0,
2026-02-01T0191,P00,-0.0131,94.4676,1,1,vendor_A
2026-02-01T0191,P01,0.1385,94.4676,1,1,vendor_A
2026-02-01T0191,P02,-0.1781,94.4676,1,1,vendor_A
2026-02-01T0191,P03,0.3804,94.4676,1,1,vendor_A
2026-02-01T0191,P04,0.2173,94.4676,1,0,vendor_A
2026-02-01T0191,P05,-0.2150,94.4676,1,0,vendor_B
2026-02-01T0191,P06,-1.1632,94.4676,1,0,vendor_B
2026-02-01T0191,P07,0.3800,94.4676,1,0,vendor_B
2026-02-01T0191,P08,-1.8701,94.4676,1,0,vendor_B
2026-02-01T0191,P09,-0.7793,94.4676,1,0,
2026-02-01T0191,P10,0.7488,94.4676,1,0,
2026-02-01T0191,P11,0.0754,94.4676,1,0,
2026-02-01T0192,P00,-0.0051,94.2483,1,1,vendor_A
2026-02-01T0192,P01,0.2112,94.2483,1,1,vendor_A
2026-02-01T0192,P02,-0.0872,94.2483,1,1,vendor_A
2026-02-01T0192,P03,0.1113,94.2483,1,1,vendor_A
2026-02-01T0192,P04,-0.0061,94.2483,1,0,vendor_A
2026-02-01T0192,P05,-0.8474,94.2483,1,0,vendor_B
2026-02-01T0192,P06,0.4634,94.2483,1,0,vendor_B
2026-02-01T0192,P07,-0.9929,94.2483,1,0,vendor_B
2026-02-01T0192,P08,1.9020,94.2483,1,0,vendor_B
2026-02-01T0192,P09,-0.5847,94.2483,1,0,
2026-02-01T0192,P10,1.9898,94.2483,1,0,
2026-02-01T0192,P11,-1.0940,94.2483,1,0,
2026-02-01T0193,P00,1.2496,94.6730,1,1,vendor_A
2026-02-01T0193,P01,0.9788,94.6730,1,1,vendor_A
2026-02-01T0193,P02,0.9575,94.6730,1,1,vendor_A
2026-02-01T0193,P03,1.1827,94.6730,1,1,vendor_A
2026-02-01T0193,P04,1.2603,94.6730,1,0,vendor_A
2026-02-01T0193,P05,-1.2743,94.6730,1,0,vendor_B
2026-02-01T0193,P06,1.1841,94.6730,1,0,vendor_B
2026-02-01T0193,P07,-0.7976,94.6730,1,0,vendor_B
2026-02-01T0193,P08,0.1312,94.6730,1,0,vendor_B
2026-02-01T0193,P09,0.3798,94.6730,1,0,
2026-02-01T0193,P10,0.5947,94.6730,1,0,
2026-02-01T0193,P11,-1.7978,94.6730,1,0,
2026-02-01T0194,P00,-0.4733,95.0982,1,1,vendor_A
2026-02-01T0194,P01,-0.6318,95.0982,1,1,vendor_A
2026-02-01T0194,P02,-0.7799,95.0982,1,1,vendor_A
2026-02-01T0194,P03,-0.8697,95.0982,1,1,vendor_A
2026-02-01T0194,P04,-0.9702,95.0982,1,0,vendor_A
2026-02-01T0194,P05,-1.3614,95.0982,1,0,vendor_B
2026-02-01T0194,P06,0.5449,95.0982,1,0,vendor_B
2026-02-01T0194,P07,-0.3411,95.0982,1,0,vendor_B
2026-02-01T0194,P08,-1.1315,95.0982,1,0,vendor_B
2026-02-01T0194,P09,-0.5269,95.0982,1,0,
2026-02-01T0194,P10,1.5641,95.0982,1,0,
2026-02-01T0194,P11,-0.3307,95.0982,1,0,
2026-02-01T0195,P00,-0.4970,93.6148,1,1,vendor_A
2026-02-01T0195,P01,-0.2068,93.6148,1,1,vendor_A
2026-02-01T0195,P02,-0.3401,93.6148,1,1,vendor_A
2026-02-01T0195,P03,-0.4027,93.6148,1,1,vendor_A
2026-02-01T0195,P04,-0.5005,93.6148,1,0,vendor_A
2026-02-01T0195,P05,-1.5524,93.6148,1,0,vendor_B
2026-02-01T0195,P06,-1.1705,93.6148,1,0,vendor_B
2026-02-01T0195,P07,-0.4805,93.6148,1,0,vendor_B
2026-02-01T0195,P08,-0.2196,93.6148,1,0,vendor_B
2026-02-01T0195,P09,0.3562,93.6148,1,0,
2026-02-01T0195,P10,0.5518,93.6148,1,0,
2026-02-01T0195,P11,0.2229,93.6148,1,0,
2026-02-01T0196,P00,-1.1855,93.2087,1,1,vendor_A
2026-02-01T0196,P01,-1.3697,93.2087,1,1,vendor_A
2026-02-01T0196,P02,-1.5418,93.2087,1,1,vendor_A
2026-02-01T0196,P03,-1.2967,93.2087,1,1,vendor_A
2026-02-01T0196,P04,-1.3617,93.2087,1,0,vendor_A
2026-02-01T0196,P05,-0.6526,93.2087,1,0,vendor_B
2026-02-01T0196,P06,-0.2746,93.2087,1,0,vendor_B
2026-02-01T0196,P07,-1.2436,93.2087,1,0,vendor_B
2026-02-01T0196,P08,-1.1105,93.2087,1,0,vendor_B
2026-02-01T0196,P09,-0.1003,93.2087,1,0,
2026-02-01T0196,P10,0.1158,93.2087,1,0,
2026-02-01T0196,P11,-0.6560,93.2087,1,0,
2026-02-01T0197,P00,0.4475,94.4884,1,1,vendor_A
2026-02-01T0197,P01,0.3398,94.4884,1,1,vendor_A
2026-02-01T0197,P02,0.2197,94.4884,1,1,vendor_A
2026-02-01T0197,P03,0.3788,94.4884,1,1,vendor_A
2026-02-01T0197,P04,0.6551,94.4884,1,0,vendor_A
2026-02-01T0197,P05,-0.6749,94.4884,1,0,vendor_B
2026-02-01T0197,P06,1.1661,94.4884,1,0,vendor_B
2026-02-01T0197,P07,1.3778,94.4884,1,0,vendor_B
2026-02-01T0197,P08,1.4982,94.4884,1,0,vendor_B
2026-02-01T0197,P09,-0.8226,94.4884,1,0,
2026-02-01T0197,P10,2.0154,94.4884,1,0,
2026-02-01T0197,P11,0.1163,94.4884,1,0,
2026-02-01T0198,P00,-0.3886,94.9252,1,1,vendor_A
2026-02-01T0198,P01,-0.3851,94.9252,1,1,vendor_A
2026-02-01T0198,P02,-0.2603,94.9252,1,1,vendor_A
2026-02-01T0198,P03,-0.3429,94.9252,1,1,vendor_A
2026-02-01T0198,P04,-0.3771,94.9252,1,0,vendor_A
2026-02-01T0198,P05,1.2836,94.9252,1,0,vendor_B
2026-02-01T0198,P06,-0.7228,94.9252,1,0,vendor_B
2026-02-01T0198,P07,-1.0431,94.9252,1,0,vendor_B
2026-02-01T0198,P08,0.7931,94.9252,1,0,vendor_B
2026-02-01T0198,P09,0.7036,94.9252,1,0,
2026-02-01T0198,P10,1.0940,94.9252,1,0,
2026-02-01T0198,P11,-1.0722,94.9252,1,0,
2026-02-01T0199,P00,0.4850,95.7244,1,1,vendor_A
2026-02-01T0199,P01,0.3951,95.7244,1,1,vendor_A
2026-02-01T0199,P02,0.5872,95.7244,1,1,vendor_A
2026-02-01T0199,P03,0.1356,95.7244,1,1,vendor_A
2026-02-01T0199,P04,0.3555,95.7244,1,0,vendor_A
2026-02-01T0199,P05,-0.2776,95.7244,1,0,vendor_B
2026-02-01T0199,P06,-1.5898,95.7244,1,0,vendor_B
2026-02-01T0199,P07,-0.7149,95.7244,1,0,vendor_B
2026-02-01T0199,P08,1.1271,95.7244,1,0,vendor_B
2026-02-01T0199,P09,-0.4690,95.7244,1,0,
2026-02-01T0199,P10,-0.7226,95.7244,1,0,
2026-02-01T0199,P11,0.8683,95.7244,1,0,
2026-02-01T0200,P00,-0.6727,95.4941,1,1,vendor_A
2026-02-01T0200,P01,-0.6730,95.4941,1,1,vendor_A
2026-02-01T0200,P02,-0.9395,95.4941,1,1,vendor_A
2026-02-01T0200,P03,-0.8297,95.4941,1,1,vendor_A
2026-02-01T0200,P04,-0.6664,95.4941,1,0,vendor_A
2026-02-01T0200,P05,-0.6560,95.4941,1,0,vendor_B
2026-02-01T0200,P06,-0.7493,95.4941,1,0,vendor_B
2026-02-01T0200,P07,0.8282,95.4941,1,0,vendor_B
2026-02-01T0200,P08,1.5623,95.4941,1,0,vendor_B
2026-02-01T0200,P09,-1.1521,95.4941,1,0,
2026-02-01T0200,P10,-2.5976,95.4941,1,0,
2026-02-01T0200,P11,-1.4503,95.4941,1,0,
2026-02-01T0201,P00,-0.4268,94.6286,1,1,vendor_A
2026-02-01T0201,P01,-0.2956,94.6286,1,1,vendor_A
2026-02-01T0201,P02,-0.1826,94.6286,1,1,vendor_A
2026-02-01T0201,P03,-0.2969,94.6286,1,1,vendor_A
2026-02-01T0201,P04,-0.3800,94.6286,1,0,vendor_A
2026-02-01T0201,P05,0.1534,94.6286,1,0,vendor_B
2026-02-01T0201,P06,-0.9619,94.6286,1,0,vendor_B
2026-02-01T0201,P07,-0.0469,94.6286,1,0,vendor_B
2026-02-01T0201,P08,-0.6416,94.6286,1,0,vendor_B
2026-02-01T0201,P09,2.6803,94.6286,1,0,
2026-02-01T0201,P10,0.8168,94.6286,1,0,
2026-02-01T0201,P11,-0.8350,94.6286,1,0,
2026-02-01T0202,P00,0.6452,93.9638,1,1,vendor_A
2026-02-01T0202,P01,0.7291,93.9638,1,1,vendor_A
2026-02-01T0202,P02,0.5480,93.9638,1,1,vendor_A
2026-02-01T0202,P03,0.6852,93.9638,1,1,vendor_A
2026-02-01T0202,P04,0.6840,93.9638,1,0,vendor_A
2026-02-01T0202,P05,0.8839,93.9638,1,0,vendor_B
2026-02-01T0202,P06,-0.4266,93.9638,1,0,vendor_B
2026-02-01T0202,P07,-0.7905,93.9638,1,0,vendor_B
2026-02-01T0202,P08,-1.3405,93.9638,1,0,vendor_B
2026-02-01T0202,P09,-1.1766,93.9638,1,0,
2026-02-01T0202,P10,-0.0664,93.9638,1,0,
2026-02-01T0202,P11,-0.2151,93.9638,1,0,
2026-02-01T0203,P00,0.0368,94.3013,1,1,vendor_A
2026-02-01T0203,P01,-0.2277,94.3013,1,1,vendor_A
2026-02-01T0203,P02,0.0255,94.3013,1,1,vendor_A
2026-02-01T0203,P03,-0.0948,94.3013,1,1,vendor_A
2026-02-01T0203,P04,-0.1340,94.3013,1,0,vendor_A
2026-02-01T0203,P05,-2.0083,94.3013,1,0,vendor_B
2026-02-01T0203,P06,-1.2901,94.3013,1,0,vendor_B
2026-02-01T0203,P07,0.7414,94.3013,1,0,vendor_B
2026-02-01T0203,P08,1.3978,94.3013,1,0,vendor_B
2026-02-01T0203,P09,0.2064,94.3013,1,0,
2026-02-01T0203,P10,0.7625,94.3013,1,0,
2026-02-01T0203,P11,-0.4077,94.3013,1,0,
2026-02-01T0204,P00,0.4229,94.9416,1,1,vendor_A
2026-02-01T0204,P01,0.3792,94.9416,1,1,vendor_A
2026-02-01T0204,P02,0.6248,94.9416,1,1,vendor_A
2026-02-01T0204,P03,0.5300,94.9416,1,1,vendor_A
2026-02-01T0204,P04,0.4435,94.9416,1,0,vendor_A
2026-02-01T0204,P05,-0.3284,94.9416,1,0,vendor_B
2026-02-01T0204,P06,0.5565,94.9416,1,0,vendor_B
2026-02-01T0204,P07,0.3231,94.9416,1,0,vendor_B
2026-02-01T0204,P08,-0.8320,94.9416,1,0,vendor_B
2026-02-01T0204,P09,1.7160,94.9416,1,0,
2026-02-01T0204,P10,0.2570,94.9416,1,0,
2026-02-01T0204,P11,0.0105,94.9416,1,0,
2026-02-01T0205,P00,0.6258,94.4167,1,1,vendor_A
2026-02-01T0205,P01,0.5578,94.4167,1,1,vendor_A
2026-02-01T0205,P02,0.3910,94.4167,1,1,vendor_A
2026-02-01T0205,P03,0.4846,94.4167,1,1,vendor_A
2026-02-01T0205,P04,0.2437,94.4167,1,0,vendor_A
2026-02-01T0205,P05,-0.6408,94.4167,1,0,vendor_B
2026-02-01T0205,P06,-2.2603,94.4167,1,0,vendor_B
2026-02-01T0205,P07,1.2204,94.4167,1,0,vendor_B
2026-02-01T0205,P08,-1.8984,94.4167,1,0,vendor_B
2026-02-01T0205,P09,0.6813,94.4167,1,0,
2026-02-01T0205,P10,-0.8307,94.4167,1,0,
2026-02-01T0205,P11,-0.9790,94.4167,1,0,
2026-02-01T0206,P00,-0.2994,94.2189,1,1,vendor_A
2026-02-01T0206,P01,-0.2302,94.2189,1,1,vendor_A
2026-02-01T0206,P02,-0.1784,94.2189,1,1,vendor_A
2026-02-01T0206,P03,-0.0044,94.2189,1,1,vendor_A
2026-02-01T0206,P04,-0.2164,94.2189,1,0,vendor_A
2026-02-01T0206,P05,0.8812,94.2189,1,0,vendor_B
2026-02-01T0206,P06,-0.5985,94.2189,1,0,vendor_B
2026-02-01T0206,P07,0.7137,94.2189,1,0,vendor_B
2026-02-01T0206,P08,0.1533,94.2189,1,0,vendor_B
2026-02-01T0206,P09,-0.4632,94.2189,1,0,
2026-02-01T0206,P10,-0.0960,94.2189,1,0,
2026-02-01T0206,P11,-0.0621,94.2189,1,0,
2026-02-01T0207,P00,-1.1645,93.9858,1,1,vendor_A
2026-02-01T0207,P01,-1.1330,93.9858,1,1,vendor_A
2026-02-01T0207,P02,-1.2695,93.9858,1,1,vendor_A
2026-02-01T0207,P03,-1.3043,93.9858,1,1,vendor_A
2026-02-01T0207,P04,-1.0811,93.9858,1,0,vendor_A
2026-02-01T0207,P05,-1.6966,93.9858,1,0,vendor_B
2026-02-01T0207,P06,-0.6182,93.9858,1,0,vendor_B
2026-02-01T0207,P07,1.5526,93.9858,1,0,vendor_B
2026-02-01T0207,P08,-2.7072,93.9858,1,0,vendor_B
2026-02-01T0207,P09,-0.6931,93.9858,1,0,
2026-02-01T0207,P10,0.6877,93.9858,1,0,
2026-02-01T0207,P11,-1.6503,93.9858,1,0,
2026-02-01T0208,P00,1.1436,93.0954,1,1,vendor_A
2026-02-01T0208,P01,0.3656,93.0954,1,1,vendor_A
2026-02-01T0208,P02,0.9693,93.0954,1,1,vendor_A
2026-02-01T0208,P03,0.9874,93.0954,1,1,vendor_A
2026-02-01T0208,P04,0.8913,93.0954,1,0,vendor_A
2026-02-01T0208,P05,-0.2216,93.0954,1,0,vendor_B
2026-02-01T0208,P06,0.3572,93.0954,1,0,vendor_B
2026-02-01T0208,P07,-0.8972,93.0954,1,0,vendor_B
2026-02-01T0208,P08,0.8093,93.0954,1,0,vendor_B
2026-02-01T0208,P09,-1.1199,93.0954,1,0,
2026-02-01T0208,P10,-0.2739,93.0954,1,0,
2026-02-01T0208,P11,0.9962,93.0954,1,0,
2026-02-01T0209,P00,-0.0366,92.7788,1,1,vendor_A
2026-02-01T0209,P01,0.0760,92.7788,1,1,vendor_A
2026-02-01T0209,P02,0.1552,92.7788,1,1,vendor_A
2026-02-01T0209,P03,-0.0707,92.7788,1,1,vendor_A
2026-02-01T0209,P04,0.3052,92.7788,1,0,vendor_A
2026-02-01T0209,P05,0.3408,92.7788,1,0,vendor_B
2026-02-01T0209,P06,-1.5156,92.7788,1,0,vendor_B
2026-02-01T0209,P07,-0.0470,92.7788,1,0,vendor_B
2026-02-01T0209,P08,-0.7753,92.7788,1,0,vendor_B
2026-02-01T0209,P09,-0.6576,92.7788,1,0,
2026-02-01T0209,P10,0.0767,92.7788,1,0,
2026-02-01T0209,P11,-0.7097,92.7788,1,0,
2026-02-01T0210,P00,0.8969,93.8633,1,1,vendor_A
2026-02-01T0210,P01,0.6465,93.8633,1,1,vendor_A
2026-02-01T0210,P02,0.8995,93.8633,1,1,vendor_A
2026-02-01T0210,P03,0.7456,93.8633,1,1,vendor_A
2026-02-01T0210,P04,0.8806,93.8633,1,0,vendor_A
2026-02-01T0210,P05,-0.5413,93.8633,1,0,vendor_B
2026-02-01T0210,P06,-0.5053,93.8633,1,0,vendor_B
2026-02-01T0210,P07,-1.1525,93.8633,1,0,vendor_B
2026-02-01T0210,P08,0.5780,93.8633,1,0,vendor_B
2026-02-01T0210,P09,0.9378,93.8633,1,0,
2026-02-01T0210,P10,2.1192,93.8633,1,0,
2026-02-01T0210,P11,1.2905,93.8633,1,0,
2026-02-01T0211,P00,-1.5022,94.8987,1,1,vendor_A
2026-02-01T0211,P01,-1.5714,94.8987,1,1,vendor_A
2026-02-01T0211,P02,-1.4814,94.8987,1,1,vendor_A
2026-02-01T0211,P03,-1.5439,94.8987,1,1,vendor_A
2026-02-01T0211,P04,-1.3202,94.8987,1,0,vendor_A
2026-02-01T0211,P05,0.9439,94.8987,1,0,vendor_B
2026-02-01T0211,P06,-0.8368,94.8987,1,0,vendor_B
2026-02-01T0211,P07,-0.6876,94.8987,1,0,vendor_B
2026-02-01T0211,P08,1.3673,94.8987,1,0,vendor_B
2026-02-01T0211,P09,0.3081,94.8987,1,0,
2026-02-01T0211,P10,-0.2318,94.8987,1,0,
2026-02-01T0211,P11,1.1863,94.8987,1,0,
2026-02-01T0212,P00,-1.3239,94.4821,1,1,vendor_A
2026-02-01T0212,P01,-1.3077,94.4821,1,1,vendor_A
2026-02-01T0212,P02,-1.3350,94.4821,1,1,vendor_A
2026-02-01T0212,P03,-1.5600,94.4821,1,1,vendor_A
2026-02-01T0212,P04,-1.1361,94.4821,1,0,vendor_A
2026-02-01T0212,P05,-1.2091,94.4821,1,0,vendor_B
2026-02-01T0212,P06,-0.5687,94.4821,1,0,vendor_B
2026-02-01T0212,P07,-0.7439,94.4821,1,0,vendor_B
2026-02-01T0212,P08,0.7270,94.4821,1,0,vendor_B
2026-02-01T0212,P09,-0.0686,94.4821,1,0,
2026-02-01T0212,P10,0.0154,94.4821,1,0,
2026-02-01T0212,P11,-1.6795,94.4821,1,0,
2026-02-01T0213,P00,-1.6523,95.3922,1,1,vendor_A
2026-02-01T0213,P01,-1.8606,95.3922,1,1,vendor_A
2026-02-01T0213,P02,-1.5931,95.3922,1,1,vendor_A
2026-02-01T0213,P03,-1.5842,95.3922,1,1,vendor_A
2026-02-01T0213,P04,-1.6418,95.3922,1,0,vendor_A
2026-02-01T0213,P05,2.0431,95.3922,1,0,vendor_B
2026-02-01T0213,P06,0.5277,95.3922,1,0,vendor_B
2026-02-01T0213,P07,0.5958,95.3922,1,0,vendor_B
2026-02-01T0213,P08,0.1423,95.3922,1,0,vendor_B
2026-02-01T0213,P09,-0.1928,95.3922,1,0,
2026-02-01T0213,P10,0.9659,95.3922,1,0,
2026-02-01T0213,P11,1.1014,95.3922,1,0,
2026-02-01T0214,P00,-0.8660,94.9044,1,1,vendor_A
2026-02-01T0214,P01,-0.5126,94.9044,1,1,vendor_A
2026-02-01T0214,P02,-0.5937,94.9044,1,1,vendor_A
2026-02-01T0214,P03,-0.5267,94.9044,1,1,vendor_A
2026-02-01T0214,P04,-0.6009,94.9044,1,0,vendor_A
2026-02-01T0214,P05,-1.2443,94.9044,1,0,vendor_B
2026-02-01T0214,P06,-1.1729,94.9044,1,0,vendor_B
2026-02-01T0214,P07,1.8246,94.9044,1,0,vendor_B
2026-02-01T0214,P08,0.2524,94.9044,1,0,vendor_B
2026-02-01T0214,P09,-1.4173,94.9044,1,0,
2026-02-01T0214,P10,0.3481,94.9044,1,0,
2026-02-01T0214,P11,-0.3621,94.9044,1,0,
2026-02-01T0215,P00,0.5206,94.3897,1,1,vendor_A
2026-02-01T0215,P01,0.4536,94.3897,1,1,vendor_A
2026-02-01T0215,P02,0.5567,94.3897,1,1,vendor_A
2026-02-01T0215,P03,0.8379,94.3897,1,1,vendor_A
2026-02-01T0215,P04,0.7899,94.3897,1,0,vendor_A
2026-02-01T0215,P05,-0.2492,94.3897,1,0,vendor_B
2026-02-01T0215,P06,0.2847,94.3897,1,0,vendor_B
2026-02-01T0215,P07,0.6011,94.3897,1,0,vendor_B
2026-02-01T0215,P08,-2.1025,94.3897,1,0,vendor_B
2026-02-01T0215,P09,-0.3012,94.3897,1,0,
2026-02-01T0215,P10,-0.8279,94.3897,1,0,
2026-02-01T0215,P11,-1.2332,94.3897,1,0,
2026-02-01T0216,P00,0.3509,93.1357,1,1,vendor_A
2026-02-01T0216,P01,0.4146,93.1357,1,1,vendor_A
2026-02-01T0216,P02,0.3930,93.1357,1,1,vendor_A
2026-02-01T0216,P03,0.2148,93.1357,1,1,vendor_A
2026-02-01T0216,P04,0.3605,93.1357,1,0,vendor_A
2026-02-01T0216,P05,2.0158,93.1357,1,0,vendor_B
2026-02-01T0216,P06,-1.0546,93.1357,1,0,vendor_B
2026-02-01T0216,P07,-1.6871,93.1357,1,0,vendor_B
2026-02-01T0216,P08,0.2752,93.1357,1,0,vendor_B
2026-02-01T0216,P09,0.5966,93.1357,1,0,
2026-02-01T0216,P10,0.4640,93.1357,1,0,
2026-02-01T0216,P11,-1.1197,93.1357,1,0,
2026-02-01T0217,P00,0.1236,93.6841,1,1,vendor_A
2026-02-01T0217,P01,-0.1439,93.6841,1,1,vendor_A
2026-02-01T0217,P02,-0.1964,93.6841,1,1,vendor_A
2026-02-01T0217,P03,-0.1174,93.6841,1,1,vendor_A
2026-02-01T0217,P04,-0.0424,93.6841,1,0,vendor_A
2026-02-01T0217,P05,0.7141,93.6841,1,0,vendor_B
2026-02-01T0217,P06,0.6238,93.6841,1,0,vendor_B
2026-02-01T0217,P07,-0.0225,93.6841,1,0,vendor_B
2026-02-01T0217,P08,0.9329,93.6841,1,0,vendor_B
2026-02-01T0217,P09,0.0815,93.6841,1,0,
2026-02-01T0217,P10,0.8960,93.6841,1,0,
2026-02-01T0217,P11,-1.4039,93.6841,1,0,
2026-02-01T0218,P00,-0.1357,93.4797,1,1,vendor_A
2026-02-01T0218,P01,0.2168,93.4797,1,1,vendor_A
2026-02-01T0218,P02,-0.1081,93.4797,1,1,vendor_A
2026-02-01T0218,P03,0.0552,93.4797,1,1,vendor_A
2026-02-01T0218,P04,0.0857,93.4797,1,0,vendor_A
2026-02-01T0218,P05,-0.4880,93.4797,1,0,vendor_B
2026-02-01T0218,P06,-0.4535,93.4797,1,0,vendor_B
2026-02-01T0218,P07,1.3926,93.4797,1,0,vendor_B
2026-02-01T0218,P08,-2.5296,93.4797,1,0,vendor_B
2026-02-01T0218,P09,0.8839,93.4797,1,0,
2026-02-01T0218,P10,2.2952,93.4797,1,0,
2026-02-01T0218,P11,0.0236,93.4797,1,0,
2026-02-01T0219,P00,0.5792,94.8714,1,1,vendor_A
2026-02-01T0219,P01,0.6910,94.8714,1,1,vendor_A
2026-02-01T0219,P02,0.8563,94.8714,1,1,vendor_A
2026-02-01T0219,P03,0.4038,94.8714,1,1,vendor_A
2026-02-01T0219,P04,0.5952,94.8714,1,0,vendor_A
2026-02-01T0219,P05,-0.1862,94.8714,1,0,vendor_B
2026-02-01T0219,P06,0.5594,94.8714,1,0,vendor_B
2026-02-01T0219,P07,0.1592,94.8714,1,0,vendor_B
2026-02-01T0219,P08,0.6597,94.8714,1,0,vendor_B
2026-02-01T0219,P09,-0.4216,94.8714,1,0,
2026-02-01T0219,P10,0.0490,94.8714,1,0,
2026-02-01T0219,P11,-0.6703,94.8714,1,0,
2026-02-01T0220,P00,-0.3308,94.9742,0,1,vendor_A
2026-02-01T0220,P01,-0.2524,94.9742,0,1,vendor_A
2026-02-01T0220,P02,-0.2524,94.9742,0,1,vendor_A
2026-02-01T0220,P03,-0.4070,94.9742,0,1,vendor_A
2026-02-01T0220,P04,0.0044,94.9742,0,0,vendor_A
2026-02-01T0220,P05,-0.1351,94.9742,0,0,vendor_B
2026-02-01T0220,P06,-1.3837,94.9742,0,0,vendor_B
2026-02-01T0220,P07,1.1015,94.9742,0,0,vendor_B
2026-02-01T0220,P08,-0.7483,94.9742,0,0,vendor_B
2026-02-01T0220,P09,0.5083,94.9742,0,0,
2026-02-01T0220,P10,-0.0170,94.9742,0,0,
2026-02-01T0220,P11,0.2506,94.9742,0,0,
2026-02-01T0221,P00,0.3286,95.1553,0,1,vendor_A
2026-02-01T0221,P01,0.2167,95.1553,0,1,vendor_A
2026-02-01T0221,P02,0.3091,95.1553,0,1,vendor_A
2026-02-01T0221,P03,0.6080,95.1553,0,1,vendor_A
2026-02-01T0221,P04,-0.0326,95.1553,0,0,vendor_A
2026-02-01T0221,P05,0.0660,95.1553,0,0,vendor_B
2026-02-01T0221,P06,0.4350,95.1553,0,0,vendor_B
2026-02-01T0221,P07,-1.0523,95.1553,0,0,vendor_B
2026-02-01T0221,P08,-1.3703,95.1553,0,0,vendor_B
2026-02-01T0221,P09,2.1589,95.1553,0,0,
2026-02-01T0221,P10,-0.3715,95.1553,0,0,
2026-02-01T0221,P11,2.0790,95.1553,0,0,
2026-02-01T0222,P00,0.1874,94.1675,0,1,vendor_A
2026-02-01T0222,P01,0.1185,94.1675,0,1,vendor_A
2026-02-01T0222,P02,0.1785,94.1675,0,1,vendor_A
2026-02-01T0222,P03,0.2023,94.1675,0,1,vendor_A
2026-02-01T0222,P04,0.2840,94.1675,0,0,vendor_A
2026-02-01T0222,P05,0.4358,94.1675,0,0,vendor_B
2026-02-01T0222,P06,0.1446,94.1675,0,0,vendor_B
2026-02-01T0222,P07,0.1763,94.1675,0,0,vendor_B
2026-02-01T0222,P08,1.3519,94.1675,0,0,vendor_B
2026-02-01T0222,P09,0.8170,94.1675,0,0,
2026-02-01T0222,P10,-1.0020,94.1675,0,0,
2026-02-01T0222,P11,-0.6356,94.1675,0,0,
2026-02-01T0223,P00,-1.6235,94.9532,0,1,vendor_A
2026-02-01T0223,P01,-1.7665,94.9532,0,1,vendor_A
2026-02-01T0223,P02,-1.7296,94.9532,0,1,vendor_A
2026-02-01T0223,P03,-1.8165,94.9532,0,1,vendor_A
2026-02-01T0223,P04,-1.7123,94.9532,0,0,vendor_A
2026-02-01T0223,P05,0.4236,94.9532,0,0,vendor_B
2026-02-01T0223,P06,0.9952,94.9532,0,0,vendor_B
2026-02-01T0223,P07,0.0092,94.9532,0,0,vendor_B
2026-02-01T0223,P08,2.0749,94.9532,0,0,vendor_B
2026-02-01T0223,P09,-0.0764,94.9532,0,0,
2026-02-01T0223,P10,3.1934,94.9532,0,0,
2026-02-01T0223,P11,1.0017,94.9532,0,0,
2026-02-01T0224,P00,-0.2199,94.6703,0,1,vendor_A
2026-02-01T0224,P01,-0.3692,94.6703,0,1,vendor_A
2026-02-01T0224,P02,-0.7181,94.6703,0,1,vendor_A
2026-02-01T0224,P03,-0.3177,94.6703,0,1,vendor_A
2026-02-01T0224,P04,-0.2677,94.6703,0,0,vendor_A
2026-02-01T0224,P05,1.9225,94.6703,0,0,vendor_B
2026-02-01T0224,P06,-1.3797,94.6703,0,0,vendor_B
2026-02-01T0224,P07,1.9059,94.6703,0,0,vendor_B
2026-02-01T0224,P08,-0.2512,94.6703,0,0,vendor_B
2026-02-01T0224,P09,0.7241,94.6703,0,0,
2026-02-01T0224,P10,-2.5398,94.6703,0,0,
2026-02-01T0224,P11,0.1390,94.6703,0,0,
2026-02-01T0225,P00,0.9879,94.7310,0,1,vendor_A
2026-02-01T0225,P01,1.1418,94.7310,0,1,vendor_A
2026-02-01T0225,P02,1.0531,94.7310,0,1,vendor_A
2026-02-01T0225,P03,0.8681,94.7310,0,1,vendor_A
2026-02-01T0225,P04,1.1815,94.7310,0,0,vendor_A
2026-02-01T0225,P05,0.6946,94.7310,0,0,vendor_B
2026-02-01T0225,P06,0.5968,94.7310,0,0,vendor_B
2026-02-01T0225,P07,1.0089,94.7310,0,0,vendor_B
2026-02-01T0225,P08,1.1010,94.7310,0,0,vendor_B
2026-02-01T0225,P09,-0.0218,94.7310,0,0,
2026-02-01T0225,P10,-1.3577,94.7310,0,0,
2026-02-01T0225,P11,-1.3850,94.7310,0,0,
2026-02-01T0226,P00,-0.1004,93.3973,0,1,vendor_A
2026-02-01T0226,P01,-0.1963,93.3973,0,1,vendor_A
2026-02-01T0226,P02,-0.2875,93.3973,0,1,vendor_A
2026-02-01T0226,P03,-0.3680,93.3973,0,1,vendor_A
2026-02-01T0226,P04,-0.2981,93.3973,0,0,vendor_A
2026-02-01T0226,P05,0.0248,93.3973,0,0,vendor_B
2026-02-01T0226,P06,-0.3368,93.3973,0,0,vendor_B
2026-02-01T0226,P07,-0.6990,93.3973,0,0,vendor_B
2026-02-01T0226,P08,2.1643,93.3973,0,0,vendor_B
2026-02-01T0226,P09,0.2286,93.3973,0,0,
2026-02-01T0226,P10,-0.6058,93.3973,0,0,
2026-02-01T0226,P11,-1.3021,93.3973,0,0,
2026-02-01T0227,P00,-0.2183,93.9285,0,1,vendor_A
2026-02-01T0227,P01,-0.0015,93.9285,0,1,vendor_A
2026-02-01T0227,P02,0.0043,93.9285,0,1,vendor_A
2026-02-01T0227,P03,-0.1422,93.9285,0,1,vendor_A
2026-02-01T0227,P04,-0.1017,93.9285,0,0,vendor_A
2026-02-01T0227,P05,-0.3051,93.9285,0,0,vendor_B
2026-02-01T0227,P06,-1.1078,93.9285,0,0,vendor_B
2026-02-01T0227,P07,1.3017,93.9285,0,0,vendor_B
2026-02-01T0227,P08,0.3726,93.9285,0,0,vendor_B
2026-02-01T0227,P09,2.4764,93.9285,0,0,
2026-02-01T0227,P10,-0.7562,93.9285,0,0,
2026-02-01T0227,P11,-0.1375,93.9285,0,0,
2026-02-01T0228,P00,-0.3318,94.4477,0,1,vendor_A
2026-02-01T0228,P01,-0.5010,94.4477,0,1,vendor_A
2026-02-01T0228,P02,-0.6724,94.4477,0,1,vendor_A
2026-02-01T0228,P03,-0.6066,94.4477,0,1,vendor_A
2026-02-01T0228,P04,-0.4491,94.4477,0,0,vendor_A
2026-02-01T0228,P05,0.3434,94.4477,0,0,vendor_B
2026-02-01T0228,P06,-0.0946,94.4477,0,0,vendor_B
2026-02-01T0228,P07,1.0035,94.4477,0,0,vendor_B
2026-02-01T0228,P08,0.9928,94.4477,0,0,vendor_B
2026-02-01T0228,P09,0.3228,94.4477,0,0,
2026-02-01T0228,P10,0.0269,94.4477,0,0,
2026-02-01T0228,P11,-0.2529,94.4477,0,0,
2026-02-01T0229,P00,-0.2881,94.0632,0,1,vendor_A
2026-02-01T0229,P01,-0.2328,94.0632,0,1,vendor_A
2026-02-01T0229,P02,-0.3617,94.0632,0,1,vendor_A
2026-02-01T0229,P03,-0.3032,94.0632,0,1,vendor_A
2026-02-01T0229,P04,-0.4194,94.0632,0,0,vendor_A
2026-02-01T0229,P05,-1.4115,94.0632,0,0,vendor_B
2026-02-01T0229,P06,-1.0010,94.0632,0,0,vendor_B
2026-02-01T0229,P07,0.7658,94.0632,0,0,vendor_B
2026-02-01T0229,P08,0.4470,94.0632,0,0,vendor_B
2026-02-01T0229,P09,1.5902,94.0632,0,0,
2026-02-01T0229,P10,0.0561,94.0632,0,0,
2026-02-01T0229,P11,0.8648,94.0632,0,0,
2026-02-01T0230,P00,1.0583,94.2734,0,1,vendor_A
2026-02-01T0230,P01,1.0090,94.2734,0,1,vendor_A
2026-02-01T0230,P02,0.7686,94.2734,0,1,vendor_A
2026-02-01T0230,P03,0.8322,94.2734,0,1,vendor_A
2026-02-01T0230,P04,0.8793,94.2734,0,0,vendor_A
2026-02-01T0230,P05,-0.9859,94.2734,0,0,vendor_B
2026-02-01T0230,P06,0.4743,94.2734,0,0,vendor_B
2026-02-01T0230,P07,1.0240,94.2734,0,0,vendor_B
2026-02-01T0230,P08,-0.4809,94.2734,0,0,vendor_B
2026-02-01T0230,P09,1.9726,94.2734,0,0,
2026-02-01T0230,P10,-0.2907,94.2734,0,0,
2026-02-01T0230,P11,-0.2030,94.2734,0,0,
2026-02-01T0231,P00,-0.2408,94.4213,0,1,vendor_A
2026-02-01T0231,P01,-0.3113,94.4213,0,1,vendor_A
2026-02-01T0231,P02,-0.1424,94.4213,0,1,vendor_A
2026-02-01T0231,P03,-0.2021,94.4213,0,1,vendor_A
2026-02-01T0231,P04,0.0441,94.4213,0,0,vendor_A
2026-02-01T0231,P05,0.6073,94.4213,0,0,vendor_B
2026-02-01T0231,P06,0.5377,94.4213,0,0,vendor_B
2026-02-01T0231,P07,-0.2215,94.4213,0,0,vendor_B
2026-02-01T0231,P08,-1.4142,94.4213,0,0,vendor_B
2026-02-01T0231,P09,-0.0895,94.4213,0,0,
2026-02-01T0231,P10,-0.8503,94.4213,0,0,
2026-02-01T0231,P11,0.9518,94.4213,0,0,
2026-02-01T0232,P00,-0.7864,94.9581,0,1,vendor_A
2026-02-01T0232,P01,-0.5319,94.9581,0,1,vendor_A
2026-02-01T0232,P02,-0.6715,94.9581,0,1,vendor_A
2026-02-01T0232,P03,-0.6565,94.9581,0,1,vendor_A
2026-02-01T0232,P04,-0.7472,94.9581,0,0,vendor_A
2026-02-01T0232,P05,0.2087,94.9581,0,0,vendor_B
2026-02-01T0232,P06,0.6533,94.9581,0,0,vendor_B
2026-02-01T0232,P07,0.9227,94.9581,0,0,vendor_B
2026-02-01T0232,P08,-0.7106,94.9581,0,0,vendor_B
2026-02-01T0232,P09,0.4923,94.9581,0,0,
2026-02-01T0232,P10,2.6211,94.9581,0,0,
2026-02-01T0232,P11,-0.0897,94.9581,0,0,
2026-02-01T0233,P00,-2.4185,94.7880,0,1,vendor_A
2026-02-01T0233,P01,-2.4841,94.7880,0,1,vendor_A
2026-02-01T0233,P02,-2.5975,94.7880,0,1,vendor_A
2026-02-01T0233,P03,-2.2019,94.7880,0,1,vendor_A
2026-02-01T0233,P04,-2.3710,94.7880,0,0,vendor_A
2026-02-01T0233,P05,0.2996,94.7880,0,0,vendor_B
2026-02-01T0233,P06,1.8448,94.7880,0,0,vendor_B
2026-02-01T0233,P07,2.5092,94.7880,0,0,vendor_B
2026-02-01T0233,P08,-0.8885,94.7880,0,0,vendor_B
2026-02-01T0233,P09,1.0546,94.7880,0,0,
2026-02-01T0233,P10,0.6238,94.7880,0,0,
2026-02-01T0233,P11,0.3996,94.7880,0,0,
2026-02-01T0234,P00,-0.3661,95.8483,0,1,vendor_A
2026-02-01T0234,P01,-0.4413,95.8483,0,1,vendor_A
2026-02-01T0234,P02,-0.1994,95.8483,0,1,vendor_A
2026-02-01T0234,P03,-0.3456,95.8483,0,1,vendor_A
2026-02-01T0234,P04,-0.3861,95.8483,0,0,vendor_A
2026-02-01T0234,P05,1.2494,95.8483,0,0,vendor_B
2026-02-01T0234,P06,0.8991,95.8483,0,0,vendor_B
2026-02-01T0234,P07,0.4628,95.8483,0,0,vendor_B
2026-02-01T0234,P08,0.3296,95.8483,0,0,vendor_B
2026-02-01T0234,P09,1.7585,95.8483,0,0,
2026-02-01T0234,P10,0.5123,95.8483,0,0,
2026-02-01T0234,P11,-0.0870,95.8483,0,0,
2026-02-01T0235,P00,-1.6328,95.3775,0,1,vendor_A
2026-02-01T0235,P01,-1.5558,95.3775,0,1,vendor_A
2026-02-01T0235,P02,-1.6616,95.3775,0,1,vendor_A
2026-02-01T0235,P03,-1.4880,95.3775,0,1,vendor_A
2026-02-01T0235,P04,-1.4656,95.3775,0,0,vendor_A
2026-02-01T0235,P05,-2.0479,95.3775,0,0,vendor_B
2026-02-01T0235,P06,0.0211,95.3775,0,0,vendor_B
2026-02-01T0235,P07,0.6519,95.3775,0,0,vendor_B
2026-02-01T0235,P08,0.1693,95.3775,0,0,vendor_B
2026-02-01T0235,P09,-0.9519,95.3775,0,0,
2026-02-01T0235,P10,1.2714,95.3775,0,0,
2026-02-01T0235,P11,-0.6937,95.3775,0,0,
2026-02-01T0236,P00,-1.5790,94.6396,0,1,vendor_A
2026-02-01T0236,P01,-1.5569,94.6396,0,1,vendor_A
2026-02-01T0236,P02,-1.3970,94.6396,0,1,vendor_A
2026-02-01T0236,P03,-1.2474,94.6396,0,1,vendor_A
2026-02-01T0236,P04,-1.2200,94.6396,0,0,vendor_A
2026-02-01T0236,P05,0.2121,94.6396,0,0,vendor_B
2026-02-01T0236,P06,-1.1914,94.6396,0,0,vendor_B
2026-02-01T0236,P07,-0.6547,94.6396,0,0,vendor_B
2026-02-01T0236,P08,-0.8958,94.6396,0,0,vendor_B
2026-02-01T0236,P09,-0.1765,94.6396,0,0,
2026-02-01T0236,P10,-1.7724,94.6396,0,0,
2026-02-01T0236,P11,0.1128,94.6396,0,0,
2026-02-01T0237,P00,0.7053,94.5418,0,1,vendor_A
2026-02-01T0237,P01,0.5862,94.5418,0,1,vendor_A
2026-02-01T0237,P02,0.6775,94.5418,0,1,vendor_A
2026-02-01T0237,P03,0.4677,94.5418,0,1,vendor_A
2026-02-01T0237,P04,0.3903,94.5418,0,0,vendor_A
2026-02-01T0237,P05,-0.6360,94.5418,0,0,vendor_B
2026-02-01T0237,P06,1.1581,94.5418,0,0,vendor_B
2026-02-01T0237,P07,1.0309,94.5418,0,0,vendor_B
2026-02-01T0237,P08,-0.4560,94.5418,0,0,vendor_B
2026-02-01T0237,P09,1.2046,94.5418,0,0,
2026-02-01T0237,P10,-0.3241,94.5418,0,0,
2026-02-01T0237,P11,1.5127,94.5418,0,0,
2026-02-01T0238,P00,0.6146,93.1393,0,1,vendor_A
2026-02-01T0238,P01,0.4744,93.1393,0,1,vendor_A
2026-02-01T0238,P02,0.6615,93.1393,0,1,vendor_A
2026-02-01T0238,P03,0.4260,93.1393,0,1,vendor_A
2026-02-01T0238,P04,0.4018,93.1393,0,0,vendor_A
2026-02-01T0238,P05,-1.4506,93.1393,0,0,vendor_B
2026-02-01T0238,P06,0.2586,93.1393,0,0,vendor_B
2026-02-01T0238,P07,-0.0532,93.1393,0,0,vendor_B
2026-02-01T0238,P08,-0.0771,93.1393,0,0,vendor_B
2026-02-01T0238,P09,-0.4099,93.1393,0,0,
2026-02-01T0238,P10,1.4379,93.1393,0,0,
2026-02-01T0238,P11,-0.4236,93.1393,0,0,
2026-02-01T0239,P00,-1.5752,92.4428,0,1,vendor_A
2026-02-01T0239,P01,-1.2798,92.4428,0,1,vendor_A
2026-02-01T0239,P02,-1.2535,92.4428,0,1,vendor_A
2026-02-01T0239,P03,-1.4158,92.4428,0,1,vendor_A
2026-02-01T0239,P04,-1.7277,92.4428,0,0,vendor_A
2026-02-01T0239,P05,-0.5997,92.4428,0,0,vendor_B
2026-02-01T0239,P06,0.6129,92.4428,0,0,vendor_B
2026-02-01T0239,P07,0.0177,92.4428,0,0,vendor_B
2026-02-01T0239,P08,1.5541,92.4428,0,0,vendor_B
2026-02-01T0239,P09,-1.3669,92.4428,0,0,
2026-02-01T0239,P10,0.6784,92.4428,0,0,
2026-02-01T0239,P11,-0.6270,92.4428,0,0,
2026-02-01T0240,P00,0.8498,93.0437,0,1,vendor_A
2026-02-01T0240,P01,0.6401,93.0437,0,1,vendor_A
2026-02-01T0240,P02,0.8060,93.0437,0,1,vendor_A
2026-02-01T0240,P03,0.5543,93.0437,0,1,vendor_A
2026-02-01T0240,P04,0.4400,93.0437,0,0,vendor_A
2026-02-01T0240,P05,-1.1104,93.0437,0,0,vendor_B
2026-02-01T0240,P06,-0.6067,93.0437,0,0,vendor_B
2026-02-01T0240,P07,-1.0248,93.0437,0,0,vendor_B
2026-02-01T0240,P08,1.2005,93.0437,0,0,vendor_B
2026-02-01T0240,P09,1.3389,93.0437,0,0,
2026-02-01T0240,P10,0.2730,93.0437,0,0,
2026-02-01T0240,P11,-1.0342,93.0437,0,0,
2026-02-01T0241,P00,0.3337,93.0779,0,1,vendor_A
2026-02-01T0241,P01,0.2485,93.0779,0,1,vendor_A
2026-02-01T0241,P02,0.5695,93.0779,0,1,vendor_A
2026-02-01T0241,P03,0.3988,93.0779,0,1,vendor_A
2026-02-01T0241,P04,0.4248,93.0779,0,0,vendor_A
2026-02-01T0241,P05,-0.3997,93.0779,0,0,vendor_B
2026-02-01T0241,P06,-2.0113,93.0779,0,0,vendor_B
2026-02-01T0241,P07,-0.7711,93.0779,0,0,vendor_B
2026-02-01T0241,P08,-1.1166,93.0779,0,0,vendor_B
2026-02-01T0241,P09,0.3703,93.0779,0,0,
2026-02-01T0241,P10,0.0965,93.0779,0,0,
2026-02-01T0241,P11,-0.8016,93.0779,0,0,
2026-02-01T0242,P00,-0.6577,92.4749,0,1,vendor_A
2026-02-01T0242,P01,-0.3645,92.4749,0,1,vendor_A
2026-02-01T0242,P02,-0.7433,92.4749,0,1,vendor_A
2026-02-01T0242,P03,-0.7371,92.4749,0,1,vendor_A
2026-02-01T0242,P04,-0.6337,92.4749,0,0,vendor_A
2026-02-01T0242,P05,-0.6991,92.4749,0,0,vendor_B
2026-02-01T0242,P06,-0.4287,92.4749,0,0,vendor_B
2026-02-01T0242,P07,0.5314,92.4749,0,0,vendor_B
2026-02-01T0242,P08,1.7322,92.4749,0,0,vendor_B
2026-02-01T0242,P09,-1.7795,92.4749,0,0,
2026-02-01T0242,P10,-0.0182,92.4749,0,0,
2026-02-01T0242,P11,0.0414,92.4749,0,0,
2026-02-01T0243,P00,0.5492,92.7548,0,1,vendor_A
2026-02-01T0243,P01,0.5337,92.7548,0,1,vendor_A
2026-02-01T0243,P02,0.5107,92.7548,0,1,vendor_A
2026-02-01T0243,P03,0.7124,92.7548,0,1,vendor_A
2026-02-01T0243,P04,0.4920,92.7548,0,0,vendor_A
2026-02-01T0243,P05,-0.1273,92.7548,0,0,vendor_B
2026-02-01T0243,P06,-0.0001,92.7548,0,0,vendor_B
2026-02-01T0243,P07,0.1075,92.7548,0,0,vendor_B
2026-02-01T0243,P08,-0.1709,92.7548,0,0,vendor_B
2026-02-01T0243,P09,0.9992,92.7548,0,0,
2026-02-01T0243,P10,-0.0087,92.7548,0,0,
2026-02-01T0243,P11,0.1741,92.7548,0,0,
2026-02-01T0244,P00,-1.2521,91.3734,0,1,vendor_A
2026-02-01T0244,P01,-1.3948,91.3734,0,1,vendor_A
2026-02-01T0244,P02,-1.3689,91.3734,0,1,vendor_A
2026-02-01T0244,P03,-1.4019,91.3734,0,1,vendor_A
2026-02-01T0244,P04,-1.2155,91.3734,0,0,vendor_A
2026-02-01T0244,P05,-0.7135,91.3734,0,0,vendor_B
2026-02-01T0244,P06,-1.0614,91.3734,0,0,vendor_B
2026-02-01T0244,P07,0.2381,91.3734,0,0,vendor_B
2026-02-01T0244,P08,0.5250,91.3734,0,0,vendor_B
2026-02-01T0244,P09,-1.7608,91.3734,0,0,
2026-02-01T0244,P10,1.6897,91.3734,0,0,
2026-02-01T0244,P11,0.0323,91.3734,0,0,
2026-02-01T0245,P00,-0.9372,91.0984,0,1,vendor_A
2026-02-01T0245,P01,-0.7614,91.0984,0,1,vendor_A
2026-02-01T0245,P02,-0.9109,91.0984,0,1,vendor_A
2026-02-01T0245,P03,-1.0120,91.0984,0,1,vendor_A
2026-02-01T0245,P04,-0.5922,91.0984,0,0,vendor_A
2026-02-01T0245,P05,-1.0744,91.0984,0,0,vendor_B
2026-02-01T0245,P06,-0.0976,91.0984,0,0,vendor_B
2026-02-01T0245,P07,0.8472,91.0984,0,0,vendor_B
2026-02-01T0245,P08,-1.0696,91.0984,0,0,vendor_B
2026-02-01T0245,P09,-0.1020,91.0984,0,0,
2026-02-01T0245,P10,0.3866,91.0984,0,0,
2026-02-01T0245,P11,2.4016,91.0984,0,0,
2026-02-01T0246,P00,-1.2353,91.2980,0,1,vendor_A
2026-02-01T0246,P01,-1.1085,91.2980,0,1,vendor_A
2026-02-01T0246,P02,-1.0026,91.2980,0,1,vendor_A
2026-02-01T0246,P03,-1.0892,91.2980,0,1,vendor_A
2026-02-01T0246,P04,-1.2818,91.2980,0,0,vendor_A
2026-02-01T0246,P05,0.4081,91.2980,0,0,vendor_B
2026-02-01T0246,P06,0.1075,91.2980,0,0,vendor_B
2026-02-01T0246,P07,0.4456,91.2980,0,0,vendor_B
2026-02-01T0246,P08,1.1315,91.2980,0,0,vendor_B
2026-02-01T0246,P09,1.0132,91.2980,0,0,
2026-02-01T0246,P10,0.4078,91.2980,0,0,
2026-02-01T0246,P11,0.3106,91.2980,0,0,
2026-02-01T0247,P00,-1.0151,91.6342,0,1,vendor_A
2026-02-01T0247,P01,-0.8704,91.6342,0,1,vendor_A
2026-02-01T0247,P02,-0.8173,91.6342,0,1,vendor_A
2026-02-01T0247,P03,-0.9105,91.6342,0,1,vendor_A
2026-02-01T0247,P04,-0.8357,91.6342,0,0,vendor_A
2026-02-01T0247,P05,-0.8253,91.6342,0,0,vendor_B
2026-02-01T0247,P06,1.5343,91.6342,0,0,vendor_B
2026-02-01T0247,P07,2.1521,91.6342,0,0,vendor_B
2026-02-01T0247,P08,-0.3895,91.6342,0,0,vendor_B
2026-02-01T0247,P09,0.4004,91.6342,0,0,
2026-02-01T0247,P10,-0.2342,91.6342,0,0,
2026-02-01T0247,P11,1.2629,91.6342,0,0,
2026-02-01T0248,P00,0.7374,91.3619,0,1,vendor_A
2026-02-01T0248,P01,0.6838,91.3619,0,1,vendor_A
2026-02-01T0248,P02,0.6386,91.3619,0,1,vendor_A
2026-02-01T0248,P03,0.6911,91.3619,0,1,vendor_A
2026-02-01T0248,P04,0.5221,91.3619,0,0,vendor_A
2026-02-01T0248,P05,0.6755,91.3619,0,0,vendor_B
2026-02-01T0248,P06,-0.7140,91.3619,0,0,vendor_B
2026-02-01T0248,P07,0.5349,91.3619,0,0,vendor_B
2026-02-01T0248,P08,0.1296,91.3619,0,0,vendor_B
2026-02-01T0248,P09,1.0949,91.3619,0,0,
2026-02-01T0248,P10,-0.0170,91.3619,0,0,
2026-02-01T0248,P11,1.0231,91.3619,0,0,
2026-02-01T0249,P00,-1.1586,91.5534,0,1,vendor_A
2026-02-01T0249,P01,-0.9288,91.5534,0,1,vendor_A
2026-02-01T0249,P02,-1.0538,91.5534,0,1,vendor_A
2026-02-01T0249,P03,-0.9911,91.5534,0,1,vendor_A
2026-02-01T0249,P04,-1.0095,91.5534,0,0,vendor_A
2026-02-01T0249,P05,0.9363,91.5534,0,0,vendor_B
2026-02-01T0249,P06,-2.0196,91.5534,0,0,vendor_B
2026-02-01T0249,P07,0.3231,91.5534,0,0,vendor_B
2026-02-01T0249,P08,-1.4945,91.5534,0,0,vendor_B
2026-02-01T0249,P09,1.2068,91.5534,0,0,
2026-02-01T0249,P10,-1.9727,91.5534,0,0,
2026-02-01T0249,P11,-1.0038,91.5534,0,0,
2026-02-01T0250,P00,-1.1318,92.3791,0,1,vendor_A
2026-02-01T0250,P01,-0.6349,92.3791,0,1,vendor_A
2026-02-01T0250,P02,-1.0741,92.3791,0,1,vendor_A
2026-02-01T0250,P03,-0.8637,92.3791,0,1,vendor_A
2026-02-01T0250,P04,-0.9611,92.3791,0,0,vendor_A
2026-02-01T0250,P05,-1.7998,92.3791,0,0,vendor_B
2026-02-01T0250,P06,-0.3373,92.3791,0,0,vendor_B
2026-02-01T0250,P07,0.6627,92.3791,0,0,vendor_B
2026-02-01T0250,P08,-0.1843,92.3791,0,0,vendor_B
2026-02-01T0250,P09,0.9411,92.3791,0,0,
2026-02-01T0250,P10,-0.3619,92.3791,0,0,
2026-02-01T0250,P11,0.0069,92.3791,0,0,
2026-02-01T0251,P00,-0.7858,91.9367,0,1,vendor_A
2026-02-01T0251,P01,-0.6765,91.9367,0,1,vendor_A
2026-02-01T0251,P02,-0.4432,91.9367,0,1,vendor_A
2026-02-01T0251,P03,-0.6737,91.9367,0,1,vendor_A
2026-02-01T0251,P04,-0.6989,91.9367,0,0,vendor_A
2026-02-01T0251,P05,-0.6184,91.9367,0,0,vendor_B
2026-02-01T0251,P06,-0.7555,91.9367,0,0,vendor_B
2026-02-01T0251,P07,1.4641,91.9367,0,0,vendor_B
2026-02-01T0251,P08,-1.1122,91.9367,0,0,vendor_B
2026-02-01T0251,P09,-0.9131,91.9367,0,0,
2026-02-01T0251,P10,-0.0975,91.9367,0,0,
2026-02-01T0251,P11,-0.4263,91.9367,0,0,
2026-02-01T0252,P00,0.4430,92.3808,0,1,vendor_A
2026-02-01T0252,P01,-0.2054,92.3808,0,1,vendor_A
2026-02-01T0252,P02,0.2037,92.3808,0,1,vendor_A
2026-02-01T0252,P03,0.2564,92.3808,0,1,vendor_A
2026-02-01T0252,P04,-0.0185,92.3808,0,0,vendor_A
2026-02-01T0252,P05,-0.6446,92.3808,0,0,vendor_B
2026-02-01T0252,P06,0.4326,92.3808,0,0,vendor_B
2026-02-01T0252,P07,1.6295,92.3808,0,0,vendor_B
2026-02-01T0252,P08,-0.9205,92.3808,0,0,vendor_B
2026-02-01T0252,P09,-1.5792,92.3808,0,0,
2026-02-01T0252,P10,0.9725,92.3808,0,0,
2026-02-01T0252,P11,1.5237,92.3808,0,0,
2026-02-01T0253,P00,-0.3101,91.4197,0,1,vendor_A
2026-02-01T0253,P01,-0.5919,91.4197,0,1,vendor_A
2026-02-01T0253,P02,-0.0421,91.4197,0,1,vendor_A
2026-02-01T0253,P03,-0.2896,91.4197,0,1,vendor_A
2026-02-01T0253,P04,-0.0913,91.4197,0,0,vendor_A
2026-02-01T0253,P05,-0.0435,91.4197,0,0,vendor_B
2026-02-01T0253,P06,-0.3756,91.4197,0,0,vendor_B
2026-02-01T0253,P07,-0.4519,91.4197,0,0,vendor_B
2026-02-01T0253,P08,1.4734,91.4197,0,0,vendor_B
2026-02-01T0253,P09,1.4345,91.4197,0,0,
2026-02-01T0253,P10,-2.1378,91.4197,0,0,
2026-02-01T0253,P11,-0.9363,91.4197,0,0,
2026-02-01T0254,P00,0.9263,90.3560,0,1,vendor_A
2026-02-01T0254,P01,0.6046,90.3560,0,1,vendor_A
2026-02-01T0254,P02,0.4556,90.3560,0,1,vendor_A
2026-02-01T0254,P03,0.6604,90.3560,0,1,vendor_A
2026-02-01T0254,P04,0.6434,90.3560,0,0,vendor_A
2026-02-01T0254,P05,-0.0973,90.3560,0,0,vendor_B
2026-02-01T0254,P06,-0.4796,90.3560,0,0,vendor_B
2026-02-01T0254,P07,-0.3101,90.3560,0,0,vendor_B
2026-02-01T0254,P08,-0.4559,90.3560,0,0,vendor_B
2026-02-01T0254,P09,0.3339,90.3560,0,0,
2026-02-01T0254,P10,-0.8127,90.3560,0,0,
2026-02-01T0254,P11,-0.2896,90.3560,0,0,
2026-02-01T0255,P00,-0.5658,90.7277,0,1,vendor_A
2026-02-01T0255,P01,-0.3483,90.7277,0,1,vendor_A
2026-02-01T0255,P02,-0.4882,90.7277,0,1,vendor_A
2026-02-01T0255,P03,-0.5606,90.7277,0,1,vendor_A
2026-02-01T0255,P04,-0.4638,90.7277,0,0,vendor_A
2026-02-01T0255,P05,0.4061,90.7277,0,0,vendor_B
2026-02-01T0255,P06,1.0878,90.7277,0,0,vendor_B
2026-02-01T0255,P07,0.5065,90.7277,0,0,vendor_B
2026-02-01T0255,P08,1.7939,90.7277,0,0,vendor_B
2026-02-01T0255,P09,1.3446,90.7277,0,0,
2026-02-01T0255,P10,-0.0410,90.7277,0,0,
2026-02-01T0255,P11,-0.4145,90.7277,0,0,
2026-02-01T0256,P00,-0.8540,90.6099,0,1,vendor_A
2026-02-01T0256,P01,-0.9089,90.6099,0,1,vendor_A
2026-02-01T0256,P02,-1.0006,90.6099,0,1,vendor_A
2026-02-01T0256,P03,-1.2080,90.6099,0,1,vendor_A
2026-02-01T0256,P04,-1.2613,90.6099,0,0,vendor_A
2026-02-01T0256,P05,0.3483,90.6099,0,0,vendor_B
2026-02-01T0256,P06,0.7708,90.6099,0,0,vendor_B
2026-02-01T0256,P07,0.8034,90.6099,0,0,vendor_B
2026-02-01T0256,P08,-1.2872,90.6099,0,0,vendor_B
2026-02-01T0256,P09,1.0373,90.6099,0,0,
2026-02-01T0256,P10,-0.5342,90.6099,0,0,
2026-02-01T0256,P11,0.3884,90.6099,0,0,
2026-02-01T0257,P00,-0.3232,90.6036,0,1,vendor_A
2026-02-01T0257,P01,-0.5060,90.6036,0,1,vendor_A
2026-02-01T0257,P02,-0.4744,90.6036,0,1,vendor_A
2026-02-01T0257,P03,-0.6966,90.6036,0,1,vendor_A
2026-02-01T0257,P04,-0.5232,90.6036,0,0,vendor_A
2026-02-01T0257,P05,-1.8025,90.6036,0,0,vendor_B
2026-02-01T0257,P06,0.4374,90.6036,0,0,vendor_B
2026-02-01T0257,P07,0.0614,90.6036,0,0,vendor_B
2026-02-01T0257,P08,0.9141,90.6036,0,0,vendor_B
2026-02-01T0257,P09,0.3565,90.6036,0,0,
2026-02-01T0257,P10,-0.6348,90.6036,0,0,
2026-02-01T0257,P11,0.3462,90.6036,0,0,
2026-02-01T0258,P00,-0.0319,90.2420,0,1,vendor_A
2026-02-01T0258,P01,0.1180,90.2420,0,1,vendor_A
2026-02-01T0258,P02,0.0740,90.2420,0,1,vendor_A
2026-02-01T0258,P03,-0.1216,90.2420,0,1,vendor_A
2026-02-01T0258,P04,0.0270,90.2420,0,0,vendor_A
2026-02-01T0258,P05,0.0553,90.2420,0,0,vendor_B
2026-02-01T0258,P06,-0.3077,90.2420,0,0,vendor_B
2026-02-01T0258,P07,0.8949,90.2420,0,0,vendor_B
2026-02-01T0258,P08,1.7131,90.2420,0,0,vendor_B
2026-02-01T0258,P09,-0.3677,90.2420,0,0,
2026-02-01T0258,P10,-0.3507,90.2420,0,0,
2026-02-01T0258,P11,-2.2481,90.2420,0,0,
2026-02-01T0259,P00,-0.7339,89.9032,0,1,vendor_A
2026-02-01T0259,P01,-0.7800,89.9032,0,1,vendor_A
2026-02-01T0259,P02,-1.0388,89.9032,0,1,vendor_A
2026-02-01T0259,P03,-0.6713,89.9032,0,1,vendor_A
2026-02-01T0259,P04,-0.6259,89.9032,0,0,vendor_A
2026-02-01T0259,P05,-0.7341,89.9032,0,0,vendor_B
2026-02-01T0259,P06,-0.3726,89.9032,0,0,vendor_B
2026-02-01T0259,P07,-0.9665,89.9032,0,0,vendor_B
2026-02-01T0259,P08,0.7625,89.9032,0,0,vendor_B
2026-02-01T0259,P09,-1.5174,89.9032,0,0,
2026-02-01T0259,P10,-0.3133,89.9032,0,0,
2026-02-01T0259,P11,1.9511,89.9032,0,0,
2026-02-01T0260,P00,0.2173,90.3253,0,1,vendor_A
2026-02-01T0260,P01,0.2798,90.3253,0,1,vendor_A
2026-02-01T0260,P02,0.1876,90.3253,0,1,vendor_A
2026-02-01T0260,P03,0.0334,90.3253,0,1,vendor_A
2026-02-01T0260,P04,0.2047,90.3253,0,0,vendor_A
2026-02-01T0260,P05,0.4065,90.3253,0,0,vendor_B
2026-02-01T0260,P06,-1.0226,90.3253,0,0,vendor_B
2026-02-01T0260,P07,0.3416,90.3253,0,0,vendor_B
2026-02-01T0260,P08,1.2449,90.3253,0,0,vendor_B
2026-02-01T0260,P09,1.0697,90.3253,0,0,
2026-02-01T0260,P10,-1.5827,90.3253,0,0,
2026-02-01T0260,P11,-0.9753,90.3253,0,0,
2026-02-01T0261,P00,1.1436,91.4177,0,1,vendor_A
2026-02-01T0261,P01,1.5464,91.4177,0,1,vendor_A
2026-02-01T0261,P02,1.4772,91.4177,0,1,vendor_A
2026-02-01T0261,P03,1.4912,91.4177,0,1,vendor_A
2026-02-01T0261,P04,1.2539,91.4177,0,0,vendor_A
2026-02-01T0261,P05,-1.1667,91.4177,0,0,vendor_B
2026-02-01T0261,P06,0.0769,91.4177,0,0,vendor_B
2026-02-01T0261,P07,0.1010,91.4177,0,0,vendor_B
2026-02-01T0261,P08,-0.8543,91.4177,0,0,vendor_B
2026-02-01T0261,P09,0.1422,91.4177,0,0,
2026-02-01T0261,P10,0.6446,91.4177,0,0,
2026-02-01T0261,P11,0.2280,91.4177,0,0,
2026-02-01T0262,P00,-0.6059,91.1274,0,1,vendor_A
2026-02-01T0262,P01,-0.7669,91.1274,0,1,vendor_A
2026-02-01T0262,P02,-0.4888,91.1274,0,1,vendor_A
2026-02-01T0262,P03,-0.4253,91.1274,0,1,vendor_A
2026-02-01T0262,P04,-0.4890,91.1274,0,0,vendor_A
2026-02-01T0262,P05,-0.4284,91.1274,0,0,vendor_B
2026-02-01T0262,P06,-0.6914,91.1274,0,0,vendor_B
2026-02-01T0262,P07,0.7156,91.1274,0,0,vendor_B
2026-02-01T0262,P08,-0.0524,91.1274,0,0,vendor_B
2026-02-01T0262,P09,0.1232,91.1274,0,0,
2026-02-01T0262,P10,-0.9715,91.1274,0,0,
2026-02-01T0262,P11,-0.6204,91.1274,0,0,
2026-02-01T0263,P00,0.0523,90.2198,0,1,vendor_A
2026-02-01T0263,P01,-0.1231,90.2198,0,1,vendor_A
2026-02-01T0263,P02,-0.1611,90.2198,0,1,vendor_A
2026-02-01T0263,P03,-0.0216,90.2198,0,1,vendor_A
2026-02-01T0263,P04,0.2079,90.2198,0,0,vendor_A
2026-02-01T0263,P05,0.1910,90.2198,0,0,vendor_B
2026-02-01T0263,P06,1.4596,90.2198,0,0,vendor_B
2026-02-01T0263,P07,-0.1315,90.2198,0,0,vendor_B
2026-02-01T0263,P08,-0.3101,90.2198,0,0,vendor_B
2026-02-01T0263,P09,-1.3922,90.2198,0,0,
2026-02-01T0263,P10,-0.5762,90.2198,0,0,
2026-02-01T0263,P11,1.4352,90.2198,0,0,
2026-02-01T0264,P00,1.0768,91.0730,0,1,vendor_A
2026-02-01T0264,P01,1.1376,91.0730,0,1,vendor_A
2026-02-01T0264,P02,1.1334,91.0730,0,1,vendor_A
2026-02-01T0264,P03,1.0262,91.0730,0,1,vendor_A
2026-02-01T0264,P04,0.9969,91.0730,0,0,vendor_A
2026-02-01T0264,P05,0.1192,91.0730,0,0,vendor_B
2026-02-01T0264,P06,0.6713,91.0730,0,0,vendor_B
2026-02-01T0264,P07,0.4579,91.0730,0,0,vendor_B
2026-02-01T0264,P08,0.4920,91.0730,0,0,vendor_B
2026-02-01T0264,P09,0.1541,91.0730,0,0,
2026-02-01T0264,P10,-0.7699,91.0730,0,0,
2026-02-01T0264,P11,-0.2616,91.0730,0,0,
2026-02-01T0265,P00,-0.6444,91.3090,0,1,vendor_A
2026-02-01T0265,P01,-0.3525,91.3090,0,1,vendor_A
2026-02-01T0265,P02,-0.8185,91.3090,0,1,vendor_A
2026-02-01T0265,P03,-0.5359,91.3090,0,1,vendor_A
2026-02-01T0265,P04,-0.1451,91.3090,0,0,vendor_A
2026-02-01T0265,P05,-0.3415,91.3090,0,0,vendor_B
2026-02-01T0265,P06,-1.1348,91.3090,0,0,vendor_B
2026-02-01T0265,P07,-0.0180,91.3090,0,0,vendor_B
2026-02-01T0265,P08,1.2894,91.3090,0,0,vendor_B
2026-02-01T0265,P09,-0.1605,91.3090,0,0,
2026-02-01T0265,P10,0.6133,91.3090,0,0,
2026-02-01T0265,P11,0.1000,91.3090,0,0,
2026-02-01T0266,P00,-0.7123,91.5782,0,1,vendor_A
2026-02-01T0266,P01,-0.1839,91.5782,0,1,vendor_A
2026-02-01T0266,P02,-0.6457,91.5782,0,1,vendor_A
2026-02-01T0266,P03,-0.7370,91.5782,0,1,vendor_A
2026-02-01T0266,P04,-0.7299,91.5782,0,0,vendor_A
2026-02-01T0266,P05,0.3806,91.5782,0,0,vendor_B
2026-02-01T0266,P06,0.4092,91.5782,0,0,vendor_B
2026-02-01T0266,P07,0.7720,91.5782,0,0,vendor_B
2026-02-01T0266,P08,0.1411,91.5782,0,0,vendor_B
2026-02-01T0266,P09,-1.4316,91.5782,0,0,
2026-02-01T0266,P10,0.5319,91.5782,0,0,
2026-02-01T0266,P11,-0.3090,91.5782,0,0,
2026-02-01T0267,P00,-0.8887,91.4159,0,1,vendor_A
2026-02-01T0267,P01,-1.0682,91.4159,0,1,vendor_A
2026-02-01T0267,P02,-0.9318,91.4159,0,1,vendor_A
2026-02-01T0267,P03,-0.9548,91.4159,0,1,vendor_A
2026-02-01T0267,P04,-0.8512,91.4159,0,0,vendor_A
2026-02-01T0267,P05,-1.4534,91.4159,0,0,vendor_B
2026-02-01T0267,P06,0.0507,91.4159,0,0,vendor_B
2026-02-01T0267,P07,0.1243,91.4159,0,0,vendor_B
2026-02-01T0267,P08,-1.1198,91.4159,0,0,vendor_B
2026-02-01T0267,P09,-0.6247,91.4159,0,0,
2026-02-01T0267,P10,-0.8576,91.4159,0,0,
2026-02-01T0267,P11,0.9076,91.4159,0,0,
2026-02-01T0268,P00,-0.0845,92.7379,0,1,vendor_A
2026-02-01T0268,P01,0.2432,92.7379,0,1,vendor_A
2026-02-01T0268,P02,0.0457,92.7379,0,1,vendor_A
2026-02-01T0268,P03,0.2300,92.7379,0,1,vendor_A
2026-02-01T0268,P04,0.4218,92.7379,0,0,vendor_A
2026-02-01T0268,P05,-0.6306,92.7379,0,0,vendor_B
2026-02-01T0268,P06,0.1384,92.7379,0,0,vendor_B
2026-02-01T0268,P07,-0.8448,92.7379,0,0,vendor_B
2026-02-01T0268,P08,1.9395,92.7379,0,0,vendor_B
2026-02-01T0268,P09,0.9132,92.7379,0,0,
2026-02-01T0268,P10,1.1272,92.7379,0,0,
2026-02-01T0268,P11,-1.3282,92.7379,0,0,
2026-02-01T0269,P00,0.2180,92.7837,0,1,vendor_A
2026-02-01T0269,P01,0.5451,92.7837,0,1,vendor_A
2026-02-01T0269,P02,0.3540,92.7837,0,1,vendor_A
2026-02-01T0269,P03,0.3444,92.7837,0,1,vendor_A
2026-02-01T0269,P04,0.4332,92.7837,0,0,vendor_A
2026-02-01T0269,P05,-1.2552,92.7837,0,0,vendor_B
2026-02-01T0269,P06,0.7729,92.7837,0,0,vendor_B
2026-02-01T0269,P07,0.0183,92.7837,0,0,vendor_B
2026-02-01T0269,P08,0.4792,92.7837,0,0,vendor_B
2026-02-01T0269,P09,-0.6706,92.7837,0,0,
2026-02-01T0269,P10,0.5132,92.7837,0,0,
2026-02-01T0269,P11,-0.7049,92.7837,0,0,
2026-02-01T0270,P00,0.0183,92.9095,0,1,vendor_A
2026-02-01T0270,P01,0.0446,92.9095,0,1,vendor_A
2026-02-01T0270,P02,0.0119,92.9095,0,1,vendor_A
2026-02-01T0270,P03,-0.0474,92.9095,0,1,vendor_A
2026-02-01T0270,P04,-0.0298,92.9095,0,0,vendor_A
2026-02-01T0270,P05,-2.7059,92.9095,0,0,vendor_B
2026-02-01T0270,P06,0.8349,92.9095,0,0,vendor_B
2026-02-01T0270,P07,-0.2740,92.9095,0,0,vendor_B
2026-02-01T0270,P08,0.0949,92.9095,0,0,vendor_B
2026-02-01T0270,P09,-0.2837,92.9095,0,0,
2026-02-01T0270,P10,-1.3911,92.9095,0,0,
2026-02-01T0270,P11,-0.5386,92.9095,0,0,
2026-02-01T0271,P00,0.1191,91.9148,0,1,vendor_A
2026-02-01T0271,P01,0.2329,91.9148,0,1,vendor_A
2026-02-01T0271,P02,-0.0731,91.9148,0,1,vendor_A
2026-02-01T0271,P03,-0.1153,91.9148,0,1,vendor_A
2026-02-01T0271,P04,0.2381,91.9148,0,0,vendor_A
2026-02-01T0271,P05,-0.8826,91.9148,0,0,vendor_B
2026-02-01T0271,P06,2.0736,91.9148,0,0,vendor_B
2026-02-01T0271,P07,0.0506,91.9148,0,0,vendor_B
2026-02-01T0271,P08,-0.8834,91.9148,0,0,vendor_B
2026-02-01T0271,P09,0.9843,91.9148,0,0,
2026-02-01T0271,P10,1.6933,91.9148,0,0,
2026-02-01T0271,P11,-1.4347,91.9148,0,0,
2026-02-01T0272,P00,1.1955,91.8769,0,1,vendor_A
2026-02-01T0272,P01,0.9195,91.8769,0,1,vendor_A
2026-02-01T0272,P02,1.1846,91.8769,0,1,vendor_A
2026-02-01T0272,P03,0.9046,91.8769,0,1,vendor_A
2026-02-01T0272,P04,0.7251,91.8769,0,0,vendor_A
2026-02-01T0272,P05,0.5020,91.8769,0,0,vendor_B
2026-02-01T0272,P06,0.9266,91.8769,0,0,vendor_B
2026-02-01T0272,P07,2.0960,91.8769,0,0,vendor_B
2026-02-01T0272,P08,1.7236,91.8769,0,0,vendor_B
2026-02-01T0272,P09,0.6952,91.8769,0,0,
2026-02-01T0272,P10,-0.2377,91.8769,0,0,
2026-02-01T0272,P11,-0.5207,91.8769,0,0,
2026-02-01T0273,P00,0.6058,91.6001,0,1,vendor_A
2026-02-01T0273,P01,0.5253,91.6001,0,1,vendor_A
2026-02-01T0273,P02,0.6088,91.6001,0,1,vendor_A
2026-02-01T0273,P03,0.2683,91.6001,0,1,vendor_A
2026-02-01T0273,P04,0.6768,91.6001,0,0,vendor_A
2026-02-01T0273,P05,-0.0289,91.6001,0,0,vendor_B
2026-02-01T0273,P06,2.5659,91.6001,0,0,vendor_B
2026-02-01T0273,P07,0.7587,91.6001,0,0,vendor_B
2026-02-01T0273,P08,-0.4802,91.6001,0,0,vendor_B
2026-02-01T0273,P09,0.5647,91.6001,0,0,
2026-02-01T0273,P10,-1.2258,91.6001,0,0,
2026-02-01T0273,P11,-0.6027,91.6001,0,0,
2026-02-01T0274,P00,-1.3666,91.4260,0,1,vendor_A
2026-02-01T0274,P01,-0.8710,91.4260,0,1,vendor_A
2026-02-01T0274,P02,-0.9975,91.4260,0,1,vendor_A
2026-02-01T0274,P03,-1.2628,91.4260,0,1,vendor_A
2026-02-01T0274,P04,-1.0956,91.4260,0,0,vendor_A
2026-02-01T0274,P05,0.9498,91.4260,0,0,vendor_B
2026-02-01T0274,P06,0.4951,91.4260,0,0,vendor_B
2026-02-01T0274,P07,0.3823,91.4260,0,0,vendor_B
2026-02-01T0274,P08,-0.8578,91.4260,0,0,vendor_B
2026-02-01T0274,P09,-0.6372,91.4260,0,0,
2026-02-01T0274,P10,0.0952,91.4260,0,0,
2026-02-01T0274,P11,0.9203,91.4260,0,0,
2026-02-01T0275,P00,-0.1469,91.6657,0,1,vendor_A
2026-02-01T0275,P01,-0.1908,91.6657,0,1,vendor_A
2026-02-01T0275,P02,0.1490,91.6657,0,1,vendor_A
2026-02-01T0275,P03,-0.1621,91.6657,0,1,vendor_A
2026-02-01T0275,P04,0.1390,91.6657,0,0,vendor_A
2026-02-01T0275,P05,0.2431,91.6657,0,0,vendor_B
2026-02-01T0275,P06,0.8810,91.6657,0,0,vendor_B
2026-02-01T0275,P07,1.7444,91.6657,0,0,vendor_B
2026-02-01T0275,P08,0.6887,91.6657,0,0,vendor_B
2026-02-01T0275,P09,0.7760,91.6657,0,0,
2026-02-01T0275,P10,-0.9178,91.6657,0,0,
2026-02-01T0275,P11,-0.6952,91.6657,0,0,
2026-02-01T0276,P00,0.1610,91.2654,0,1,vendor_A
2026-02-01T0276,P01,0.2945,91.2654,0,1,vendor_A
2026-02-01T0276,P02,0.2732,91.2654,0,1,vendor_A
2026-02-01T0276,P03,0.4119,91.2654,0,1,vendor_A
2026-02-01T0276,P04,0.1110,91.2654,0,0,vendor_A
2026-02-01T0276,P05,0.2028,91.2654,0,0,vendor_B
2026-02-01T0276,P06,1.0062,91.2654,0,0,vendor_B
2026-02-01T0276,P07,0.0189,91.2654,0,0,vendor_B
2026-02-01T0276,P08,-0.0625,91.2654,0,0,vendor_B
2026-02-01T0276,P09,-1.0474,91.2654,0,0,
2026-02-01T0276,P10,0.9912,91.2654,0,0,
2026-02-01T0276,P11,-1.0720,91.2654,0,0,
2026-02-01T0277,P00,0.6108,92.1378,0,1,vendor_A
2026-02-01T0277,P01,0.3211,92.1378,0,1,vendor_A
2026-02-01T0277,P02,0.6984,92.1378,0,1,vendor_A
2026-02-01T0277,P03,0.3796,92.1378,0,1,vendor_A
2026-02-01T0277,P04,0.6605,92.1378,0,0,vendor_A
2026-02-01T0277,P05,-1.5893,92.1378,0,0,vendor_B
2026-02-01T0277,P06,-0.4398,92.1378,0,0,vendor_B
2026-02-01T0277,P07,1.1783,92.1378,0,0,vendor_B
2026-02-01T0277,P08,-0.8053,92.1378,0,0,vendor_B
2026-02-01T0277,P09,0.0672,92.1378,0,0,
2026-02-01T0277,P10,-0.4784,92.1378,0,0,
2026-02-01T0277,P11,-2.3094,92.1378,0,0,
2026-02-01T0278,P00,-0.1423,91.5149,0,1,vendor_A
2026-02-01T0278,P01,-0.1237,91.5149,0,1,vendor_A
2026-02-01T0278,P02,-0.3547,91.5149,0,1,vendor_A
2026-02-01T0278,P03,-0.1025,91.5149,0,1,vendor_A
2026-02-01T0278,P04,-0.3079,91.5149,0,0,vendor_A
2026-02-01T0278,P05,-1.0034,91.5149,0,0,vendor_B
2026-02-01T0278,P06,0.0069,91.5149,0,0,vendor_B
2026-02-01T0278,P07,-0.6814,91.5149,0,0,vendor_B
2026-02-01T0278,P08,2.2924,91.5149,0,0,vendor_B
2026-02-01T0278,P09,-1.5549,91.5149,0,0,
2026-02-01T0278,P10,0.7384,91.5149,0,0,
2026-02-01T0278,P11,0.9889,91.5149,0,0,
2026-02-01T0279,P00,-0.8090,91.0427,0,1,vendor_A
2026-02-01T0279,P01,-0.7720,91.0427,0,1,vendor_A
2026-02-01T0279,P02,-0.4277,91.0427,0,1,vendor_A
2026-02-01T0279,P03,-0.5843,91.0427,0,1,vendor_A
2026-02-01T0279,P04,-0.4546,91.0427,0,0,vendor_A
2026-02-01T0279,P05,1.1394,91.0427,0,0,vendor_B
2026-02-01T0279,P06,-0.3721,91.0427,0,0,vendor_B
2026-02-01T0279,P07,-1.0640,91.0427,0,0,vendor_B
2026-02-01T0279,P08,-2.7294,91.0427,0,0,vendor_B
2026-02-01T0279,P09,0.2046,91.0427,0,0,
2026-02-01T0279,P10,-0.9286,91.0427,0,0,
2026-02-01T0279,P11,0.3134,91.0427,0,0,
2026-02-01T0280,P00,-0.3348,91.0088,0,1,vendor_A
2026-02-01T0280,P01,-0.5772,91.0088,0,1,vendor_A
2026-02-01T0280,P02,-0.1109,91.0088,0,1,vendor_A
2026-02-01T0280,P03,-0.2070,91.0088,0,1,vendor_A
2026-02-01T0280,P04,-0.2423,91.0088,0,0,vendor_A
2026-02-01T0280,P05,-1.1845,91.0088,0,0,vendor_B
2026-02-01T0280,P06,-0.4074,91.0088,0,0,vendor_B
2026-02-01T0280,P07,-0.5469,91.0088,0,0,vendor_B
2026-02-01T0280,P08,-0.4148,91.0088,0,0,vendor_B
2026-02-01T0280,P09,-1.1241,91.0088,0,0,
2026-02-01T0280,P10,0.4346,91.0088,0,0,
2026-02-01T0280,P11,0.2292,91.0088,0,0,
2026-02-01T0281,P00,-1.3251,90.0781,0,1,vendor_A
2026-02-01T0281,P01,-1.4558,90.0781,0,1,vendor_A
2026-02-01T0281,P02,-1.1863,90.0781,0,1,vendor_A
2026-02-01T0281,P03,-1.3518,90.0781,0,1,vendor_A
2026-02-01T0281,P04,-1.7906,90.0781,0,0,vendor_A
2026-02-01T0281,P05,-0.6401,90.0781,0,0,vendor_B
2026-02-01T0281,P06,-0.0570,90.0781,0,0,vendor_B
2026-02-01T0281,P07,0.9653,90.0781,0,0,vendor_B
2026-02-01T0281,P08,-0.3007,90.0781,0,0,vendor_B
2026-02-01T0281,P09,-0.2501,90.0781,0,0,
2026-02-01T0281,P10,-0.6628,90.0781,0,0,
2026-02-01T0281,P11,0.6656,90.0781,0,0,
2026-02-01T0282,P00,-0.1070,90.3823,0,1,vendor_A
2026-02-01T0282,P01,-0.1304,90.3823,0,1,vendor_A
2026-02-01T0282,P02,-0.1512,90.3823,0,1,vendor_A
2026-02-01T0282,P03,0.0436,90.3823,0,1,vendor_A
2026-02-01T0282,P04,-0.1198,90.3823,0,0,vendor_A
2026-02-01T0282,P05,-1.6759,90.3823,0,0,vendor_B
2026-02-01T0282,P06,0.6227,90.3823,0,0,vendor_B
2026-02-01T0282,P07,-0.7013,90.3823,0,0,vendor_B
2026-02-01T0282,P08,0.3570,90.3823,0,0,vendor_B
2026-02-01T0282,P09,0.3738,90.3823,0,0,
2026-02-01T0282,P10,1.2036,90.3823,0,0,
2026-02-01T0282,P11,1.0445,90.3823,0,0,
2026-02-01T0283,P00,-0.5636,90.6520,0,1,vendor_A
2026-02-01T0283,P01,-0.5023,90.6520,0,1,vendor_A
2026-02-01T0283,P02,-0.6709,90.6520,0,1,vendor_A
2026-02-01T0283,P03,-0.2258,90.6520,0,1,vendor_A
2026-02-01T0283,P04,-0.4111,90.6520,0,0,vendor_A
2026-02-01T0283,P05,1.3944,90.6520,0,0,vendor_B
2026-02-01T0283,P06,-0.3190,90.6520,0,0,vendor_B
2026-02-01T0283,P07,-2.0491,90.6520,0,0,vendor_B
2026-02-01T0283,P08,1.5317,90.6520,0,0,vendor_B
2026-02-01T0283,P09,0.0931,90.6520,0,0,
2026-02-01T0283,P10,0.1332,90.6520,0,0,
2026-02-01T0283,P11,0.0555,90.6520,0,0,
2026-02-01T0284,P00,0.4320,90.5372,0,1,vendor_A
2026-02-01T0284,P01,0.4153,90.5372,0,1,vendor_A
2026-02-01T0284,P02,0.0967,90.5372,0,1,vendor_A
2026-02-01T0284,P03,0.4984,90.5372,0,1,vendor_A
2026-02-01T0284,P04,0.2560,90.5372,0,0,vendor_A
2026-02-01T0284,P05,-0.4670,90.5372,0,0,vendor_B
2026-02-01T0284,P06,1.7274,90.5372,0,0,vendor_B
2026-02-01T0284,P07,0.9206,90.5372,0,0,vendor_B
2026-02-01T0284,P08,-0.3382,90.5372,0,0,vendor_B
2026-02-01T0284,P09,-1.8564,90.5372,0,0,
2026-02-01T0284,P10,0.1616,90.5372,0,0,
2026-02-01T0284,P11,0.5387,90.5372,0,0,
2026-02-01T0285,P00,-0.8193,91.4529,0,1,vendor_A
2026-02-01T0285,P01,-0.9942,91.4529,0,1,vendor_A
2026-02-01T0285,P02,-0.9259,91.4529,0,1,vendor_A
2026-02-01T0285,P03,-0.9956,91.4529,0,1,vendor_A
2026-02-01T0285,P04,-0.7750,91.4529,0,0,vendor_A
2026-02-01T0285,P05,0.8194,91.4529,0,0,vendor_B
2026-02-01T0285,P06,1.0254,91.4529,0,0,vendor_B
2026-02-01T0285,P07,-0.7322,91.4529,0,0,vendor_B
2026-02-01T0285,P08,0.2350,91.4529,0,0,vendor_B
2026-02-01T0285,P09,0.5541,91.4529,0,0,
2026-02-01T0285,P10,-0.5111,91.4529,0,0,
2026-02-01T0285,P11,-0.1485,91.4529,0,0,
2026-02-01T0286,P00,-0.0378,91.5347,0,1,vendor_A
2026-02-01T0286,P01,-0.3256,91.5347,0,1,vendor_A
2026-02-01T0286,P02,-0.2239,91.5347,0,1,vendor_A
2026-02-01T0286,P03,-0.4216,91.5347,0,1,vendor_A
2026-02-01T0286,P04,-0.3501,91.5347,0,0,vendor_A
2026-02-01T0286,P05,-1.7143,91.5347,0,0,vendor_B
2026-02-01T0286,P06,-0.0251,91.5347,0,0,vendor_B
2026-02-01T0286,P07,1.1923,91.5347,0,0,vendor_B
2026-02-01T0286,P08,2.0989,91.5347,0,0,vendor_B
2026-02-01T0286,P09,1.1966,91.5347,0,0,
2026-02-01T0286,P10,0.6869,91.5347,0,0,
2026-02-01T0286,P11,0.0530,91.5347,0,0,
2026-02-01T0287,P00,-0.8621,91.3639,0,1,vendor_A
2026-02-01T0287,P01,-0.7961,91.3639,0,1,vendor_A
2026-02-01T0287,P02,-0.6801,91.3639,0,1,vendor_A
2026-02-01T0287,P03,-0.8898,91.3639,0,1,vendor_A
2026-02-01T0287,P04,-0.6321,91.3639,0,0,vendor_A
2026-02-01T0287,P05,-0.9841,91.3639,0,0,vendor_B
2026-02-01T0287,P06,-1.7792,91.3639,0,0,vendor_B
2026-02-01T0287,P07,-1.0121,91.3639,0,0,vendor_B
2026-02-01T0287,P08,-1.6654,91.3639,0,0,vendor_B
2026-02-01T0287,P09,-1.3723,91.3639,0,0,
2026-02-01T0287,P10,1.1321,91.3639,0,0,
2026-02-01T0287,P11,-0.2002,91.3639,0,0,
2026-02-01T0288,P00,-0.8068,90.6730,0,1,vendor_A
2026-02-01T0288,P01,-0.6659,90.6730,0,1,vendor_A
2026-02-01T0288,P02,-0.6507,90.6730,0,1,vendor_A
2026-02-01T0288,P03,-0.9153,90.6730,0,1,vendor_A
2026-02-01T0288,P04,-0.6403,90.6730,0,0,vendor_A
2026-02-01T0288,P05,0.3846,90.6730,0,0,vendor_B
2026-02-01T0288,P06,0.0033,90.6730,0,0,vendor_B
2026-02-01T0288,P07,0.4421,90.6730,0,0,vendor_B
2026-02-01T0288,P08,-1.4256,90.6730,0,0,vendor_B
2026-02-01T0288,P09,-0.7861,90.6730,0,0,
2026-02-01T0288,P10,-0.1081,90.6730,0,0,
2026-02-01T0288,P11,0.6097,90.6730,0,0,
2026-02-01T0289,P00,0.4547,89.8783,0,1,vendor_A
2026-02-01T0289,P01,0.4914,89.8783,0,1,vendor_A
2026-02-01T0289,P02,0.6559,89.8783,0,1,vendor_A
2026-02-01T0289,P03,0.7223,89.8783,0,1,vendor_A
2026-02-01T0289,P04,0.6256,89.8783,0,0,vendor_A
2026-02-01T0289,P05,1.2684,89.8783,0,0,vendor_B
2026-02-01T0289,P06,-0.4044,89.8783,0,0,vendor_B
2026-02-01T0289,P07,-0.3064,89.8783,0,0,vendor_B
2026-02-01T0289,P08,0.3184,89.8783,0,0,vendor_B
2026-02-01T0289,P09,-0.3011,89.8783,0,0,
2026-02-01T0289,P10,-0.5071,89.8783,0,0,
2026-02-01T0289,P11,1.6521,89.8783,0,0,
2026-02-01T0290,P00,-0.4113,89.4641,0,1,vendor_A
2026-02-01T0290,P01,-0.5260,89.4641,0,1,vendor_A
2026-02-01T0290,P02,-0.3080,89.4641,0,1,vendor_A
2026-02-01T0290,P03,-0.1058,89.4641,0,1,vendor_A
2026-02-01T0290,P04,-0.3690,89.4641,0,0,vendor_A
2026-02-01T0290,P05,1.2314,89.4641,0,0,vendor_B
2026-02-01T0290,P06,-0.4378,89.4641,0,0,vendor_B
2026-02-01T0290,P07,-0.4913,89.4641,0,0,vendor_B
2026-02-01T0290,P08,-0.6898,89.4641,0,0,vendor_B
2026-02-01T0290,P09,-0.1434,89.4641,0,0,
2026-02-01T0290,P10,1.8363,89.4641,0,0,
2026-02-01T0290,P11,-1.1555,89.4641,0,0,
2026-02-01T0291,P00,0.5594,89.3345,0,1,vendor_A
2026-02-01T0291,P01,0.1625,89.3345,0,1,vendor_A
2026-02-01T0291,P02,0.2787,89.3345,0,1,vendor_A
2026-02-01T0291,P03,0.4391,89.3345,0,1,vendor_A
2026-02-01T0291,P04,0.4083,89.3345,0,0,vendor_A
2026-02-01T0291,P05,0.2820,89.3345,0,0,vendor_B
2026-02-01T0291,P06,-1.6494,89.3345,0,0,vendor_B
2026-02-01T0291,P07,0.3622,89.3345,0,0,vendor_B
2026-02-01T0291,P08,-1.0224,89.3345,0,0,vendor_B
2026-02-01T0291,P09,2.5689,89.3345,0,0,
2026-02-01T0291,P10,-0.2134,89.3345,0,0,
2026-02-01T0291,P11,0.1887,89.3345,0,0,
2026-02-01T0292,P00,-1.0548,88.8721,0,1,vendor_A
2026-02-01T0292,P01,-0.9547,88.8721,0,1,vendor_A
2026-02-01T0292,P02,-1.0765,88.8721,0,1,vendor_A
2026-02-01T0292,P03,-0.7356,88.8721,0,1,vendor_A
2026-02-01T0292,P04,-0.9221,88.8721,0,0,vendor_A
2026-02-01T0292,P05,0.5627,88.8721,0,0,vendor_B
2026-02-01T0292,P06,-0.6846,88.8721,0,0,vendor_B
2026-02-01T0292,P07,-0.5011,88.8721,0,0,vendor_B
2026-02-01T0292,P08,1.2882,88.8721,0,0,vendor_B
2026-02-01T0292,P09,-0.9717,88.8721,0,0,
2026-02-01T0292,P10,-1.8014,88.8721,0,0,
2026-02-01T0292,P11,0.4062,88.8721,0,0,
2026-02-01T0293,P00,-0.1241,89.2844,0,1,vendor_A
2026-02-01T0293,P01,-0.0189,89.2844,0,1,vendor_A
2026-02-01T0293,P02,0.1838,89.2844,0,1,vendor_A
2026-02-01T0293,P03,-0.0757,89.2844,0,1,vendor_A
2026-02-01T0293,P04,0.1788,89.2844,0,0,vendor_A
2026-02-01T0293,P05,-0.6812,89.2844,0,0,vendor_B
2026-02-01T0293,P06,1.4907,89.2844,0,0,vendor_B
2026-02-01T0293,P07,1.3251,89.2844,0,0,vendor_B
2026-02-01T0293,P08,-0.4714,89.2844,0,0,vendor_B
2026-02-01T0293,P09,-0.2132,89.2844,0,0,
2026-02-01T0293,P10,-0.8319,89.2844,0,0,
2026-02-01T0293,P11,0.2000,89.2844,0,0,
2026-02-01T0294,P00,-1.1475,87.7551,0,1,vendor_A
2026-02-01T0294,P01,-1.5369,87.7551,0,1,vendor_A
2026-02-01T0294,P02,-1.1823,87.7551,0,1,vendor_A
2026-02-01T0294,P03,-1.5185,87.7551,0,1,vendor_A
2026-02-01T0294,P04,-1.4488,87.7551,0,0,vendor_A
2026-02-01T0294,P05,-1.7877,87.7551,0,0,vendor_B
2026-02-01T0294,P06,2.1049,87.7551,0,0,vendor_B
2026-02-01T0294,P07,0.0587,87.7551,0,0,vendor_B
2026-02-01T0294,P08,0.2448,87.7551,0,0,vendor_B
2026-02-01T0294,P09,-0.6761,87.7551,0,0,
2026-02-01T0294,P10,1.0670,87.7551,0,0,
2026-02-01T0294,P11,-2.1032,87.7551,0,0,
2026-02-01T0295,P00,-0.3902,87.1072,0,1,vendor_A
2026-02-01T0295,P01,-0.0632,87.1072,0,1,vendor_A
2026-02-01T0295,P02,-0.4515,87.1072,0,1,vendor_A
2026-02-01T0295,P03,-0.3917,87.1072,0,1,vendor_A
2026-02-01T0295,P04,-0.2934,87.1072,0,0,vendor_A
2026-02-01T0295,P05,-0.8115,87.1072,0,0,vendor_B
2026-02-01T0295,P06,0.0228,87.1072,0,0,vendor_B
2026-02-01T0295,P07,0.9610,87.1072,0,0,vendor_B
2026-02-01T0295,P08,0.1944,87.1072,0,0,vendor_B
2026-02-01T0295,P09,0.3710,87.1072,0,0,
2026-02-01T0295,P10,-0.3494,87.1072,0,0,
2026-02-01T0295,P11,0.3156,87.1072,0,0,
2026-02-01T0296,P00,-0.4051,85.9915,0,1,vendor_A
2026-02-01T0296,P01,-0.1952,85.9915,0,1,vendor_A
2026-02-01T0296,P02,-0.3048,85.9915,0,1,vendor_A
2026-02-01T0296,P03,-0.4500,85.9915,0,1,vendor_A
2026-02-01T0296,P04,-0.7805,85.9915,0,0,vendor_A
2026-02-01T0296,P05,0.7157,85.9915,0,0,vendor_B
2026-02-01T0296,P06,0.7553,85.9915,0,0,vendor_B
2026-02-01T0296,P07,-0.9169,85.9915,0,0,vendor_B
2026-02-01T0296,P08,-1.9984,85.9915,0,0,vendor_B
2026-02-01T0296,P09,-1.1418,85.9915,0,0,
2026-02-01T0296,P10,0.9262,85.9915,0,0,
2026-02-01T0296,P11,-1.0648,85.9915,0,0,
2026-02-01T0297,P00,0.3472,86.7371,0,1,vendor_A
2026-02-01T0297,P01,0.4492,86.7371,0,1,vendor_A
2026-02-01T0297,P02,0.5998,86.7371,0,1,vendor_A
2026-02-01T0297,P03,0.4134,86.7371,0,1,vendor_A
2026-02-01T0297,P04,0.4011,86.7371,0,0,vendor_A
2026-02-01T0297,P05,-0.5488,86.7371,0,0,vendor_B
2026-02-01T0297,P06,1.6307,86.7371,0,0,vendor_B
2026-02-01T0297,P07,1.0660,86.7371,0,0,vendor_B
2026-02-01T0297,P08,-0.0951,86.7371,0,0,vendor_B
2026-02-01T0297,P09,-1.3966,86.7371,0,0,
2026-02-01T0297,P10,-0.7903,86.7371,0,0,
2026-02-01T0297,P11,0.5795,86.7371,0,0,
2026-02-01T0298,P00,-0.0007,86.4687,0,1,vendor_A
2026-02-01T0298,P01,0.2414,86.4687,0,1,vendor_A
2026-02-01T0298,P02,0.1618,86.4687,0,1,vendor_A
2026-02-01T0298,P03,0.1514,86.4687,0,1,vendor_A
2026-02-01T0298,P04,0.2056,86.4687,0,0,vendor_A
2026-02-01T0298,P05,0.4986,86.4687,0,0,vendor_B
2026-02-01T0298,P06,-0.8552,86.4687,0,0,vendor_B
2026-02-01T0298,P07,-0.3258,86.4687,0,0,vendor_B
2026-02-01T0298,P08,2.3398,86.4687,0,0,vendor_B
2026-02-01T0298,P09,-1.2079,86.4687,0,0,
2026-02-01T0298,P10,-0.4745,86.4687,0,0,
2026-02-01T0298,P11,1.0657,86.4687,0,0,
2026-02-01T0299,P00,-0.1884,86.1810,0,1,vendor_A
2026-02-01T0299,P01,-0.2863,86.1810,0,1,vendor_A
2026-02-01T0299,P02,-0.3630,86.1810,0,1,vendor_A
2026-02-01T0299,P03,-0.0841,86.1810,0,1,vendor_A
2026-02-01T0299,P04,-0.0115,86.1810,0,0,vendor_A
2026-02-01T0299,P05,1.3999,86.1810,0,0,vendor_B
2026-02-01T0299,P06,0.0538,86.1810,0,0,vendor_B
2026-02-01T0299,P07,1.0450,86.1810,0,0,vendor_B
2026-02-01T0299,P08,-1.0329,86.1810,0,0,vendor_B
2026-02-01T0299,P09,0.1680,86.1810,0,0,
2026-02-01T0299,P10,-0.6774,86.1810,0,0,
2026-02-01T0299,P11,0.1738,86.1810,0,0,
